well_id,depth,lithology
WELL_1,5,sandstone
WELL_1,6,limestone
WELL_1,7,sandstone
WELL_1,8,sandstone
WELL_1,9,limestone
WELL_1,10,sandstone
WELL_1,11,sandstone
WELL_1,12,sandstone
WELL_1,13,sandstone
WELL_1,14,sandstone
WELL_1,15,sandstone
WELL_1,16,sandstone
WELL_1,17,sandstone
WELL_1,18,sandstone
WELL_1,19,sandstone
WELL_1,20,sandstone
WELL_1,21,sandstone
WELL_1,22,sandstone
WELL_1,23,sandstone
WELL_1,24,sandstone
WELL_1,25,sandstone
WELL_1,26,sandstone
WELL_1,27,sandstone
WELL_1,28,sandstone
WELL_1,29,sandstone
WELL_1,30,limestone
WELL_1,31,sandstone
WELL_1,32,sandstone
WELL_1,33,sandstone
WELL_1,34,sandstone
WELL_1,35,sandstone
WELL_1,36,sandstone
WELL_1,37,sandstone
WELL_1,38,sandstone
WELL_1,39,sandstone
WELL_1,40,sandstone
WELL_1,41,sandstone
WELL_1,42,sandstone
WELL_1,43,sandstone
WELL_1,44,sandstone
WELL_1,45,shale
WELL_1,46,sandstone
WELL_1,47,sandstone
WELL_1,48,sandstone
WELL_1,49,sandstone
WELL_1,50,sandstone
WELL_1,51,sandstone
WELL_1,52,sandstone
WELL_1,53,sandstone
WELL_1,54,sandstone
WELL_1,55,shale
WELL_1,56,sandstone
WELL_1,57,sandstone
WELL_1,58,sandstone
WELL_1,59,sandstone
WELL_1,60,sandstone
WELL_1,61,sandstone
WELL_1,62,sandstone
WELL_1,63,sandstone
WELL_1,64,sandstone
WELL_1,65,sandstone
WELL_1,66,shale
WELL_1,67,sandstone
WELL_1,68,limestone
WELL_1,69,sandstone
WELL_1,70,sandstone
WELL_1,71,sandstone
WELL_1,72,sandstone
WELL_1,73,limestone
WELL_1,74,sandstone
WELL_1,75,sandstone
WELL_1,76,sandstone
WELL_1,77,sandstone
WELL_1,78,sandstone
WELL_1,79,sandstone
WELL_1,80,shale
WELL_1,81,shale
WELL_1,82,shale
WELL_1,83,shale
WELL_1,84,sandstone
WELL_1,85,shale
WELL_1,86,shale
WELL_1,87,shale
WELL_1,88,shale
WELL_1,89,shale
WELL_1,90,shale
WELL_1,91,shale
WELL_1,92,shale
WELL_1,93,shale
WELL_1,94,shale
WELL_1,95,shale
WELL_1,96,shale
WELL_1,97,shale
WELL_1,98,shale
WELL_1,99,shale
WELL_1,100,shale
WELL_1,101,limestone
WELL_1,102,shale
WELL_1,103,shale
WELL_1,104,sandstone
WELL_1,105,shale
WELL_1,106,shale
WELL_1,107,shale
WELL_1,108,sandstone
WELL_1,109,shale
WELL_1,110,shale
WELL_1,111,shale
WELL_1,112,shale
WELL_1,113,shale
WELL_1,114,shale
WELL_1,115,shale
WELL_1,116,shale
WELL_1,117,shale
WELL_1,118,shale
WELL_1,119,shale
WELL_1,120,shale
WELL_1,121,shale
WELL_1,122,shale
WELL_1,123,shale
WELL_1,124,sandstone
WELL_1,125,shale
WELL_1,126,shale
WELL_1,127,shale
WELL_1,128,shale
WELL_1,129,shale
WELL_1,130,shale
WELL_1,131,shale
WELL_1,132,shale
WELL_1,133,shale
WELL_1,134,shale
WELL_1,135,shale
WELL_1,136,shale
WELL_1,137,shale
WELL_1,138,shale
WELL_1,139,shale
WELL_1,140,shale
WELL_1,141,shale
WELL_1,142,shale
WELL_1,143,shale
WELL_1,144,shale
WELL_1,145,shale
WELL_1,146,shale
WELL_1,147,shale
WELL_1,148,shale
WELL_1,149,shale
WELL_1,150,shale
WELL_1,151,shale
WELL_1,152,shale
WELL_1,153,shale
WELL_1,154,shale
WELL_1,155,shale
WELL_1,156,shale
WELL_1,157,shale
WELL_1,158,shale
WELL_1,159,shale
WELL_1,160,limestone
WELL_1,161,limestone
WELL_1,162,limestone
WELL_1,163,limestone
WELL_1,164,limestone
WELL_1,165,limestone
WELL_1,166,limestone
WELL_1,167,limestone
WELL_1,168,limestone
WELL_1,169,limestone
WELL_1,170,limestone
WELL_1,171,limestone
WELL_1,172,limestone
WELL_1,173,shale
WELL_1,174,limestone
WELL_1,175,limestone
WELL_1,176,limestone
WELL_1,177,limestone
WELL_1,178,limestone
WELL_1,179,limestone
WELL_1,180,shale
WELL_1,181,limestone
WELL_1,182,limestone
WELL_1,183,limestone
WELL_1,184,limestone
WELL_1,185,limestone
WELL_1,186,limestone
WELL_1,187,limestone
WELL_1,188,limestone
WELL_1,189,limestone
WELL_1,190,limestone
WELL_1,191,limestone
WELL_1,192,limestone
WELL_1,193,limestone
WELL_1,194,limestone
WELL_1,195,limestone
WELL_1,196,limestone
WELL_1,197,limestone
WELL_1,198,limestone
WELL_1,199,limestone
WELL_1,200,limestone
WELL_1,201,shale
WELL_1,202,limestone
WELL_1,203,limestone
WELL_1,204,sandstone
WELL_1,205,limestone
WELL_1,206,limestone
WELL_1,207,limestone
WELL_1,208,limestone
WELL_1,209,limestone
WELL_1,210,limestone
WELL_1,211,limestone
WELL_1,212,limestone
WELL_1,213,limestone
WELL_1,214,limestone
WELL_1,215,limestone
WELL_1,216,limestone
WELL_1,217,limestone
WELL_1,218,limestone
WELL_1,219,limestone
WELL_1,220,limestone
WELL_1,221,limestone
WELL_1,222,limestone
WELL_1,223,limestone
WELL_1,224,limestone
WELL_1,225,limestone
WELL_1,226,sandstone
WELL_1,227,limestone
WELL_1,228,limestone
WELL_1,229,limestone
WELL_1,230,limestone
WELL_1,231,limestone
WELL_1,232,limestone
WELL_1,233,limestone
WELL_1,234,limestone
WELL_1,235,limestone
WELL_1,236,limestone
WELL_1,237,limestone
WELL_1,238,limestone
WELL_1,239,limestone
WELL_1,240,limestone
WELL_1,241,limestone
WELL_1,242,limestone
WELL_1,243,limestone
WELL_1,244,shale
WELL_1,245,limestone
WELL_1,246,limestone
WELL_1,247,shale
WELL_1,248,limestone
WELL_1,249,limestone
WELL_10,5,sandstone
WELL_10,6,sandstone
WELL_10,7,sandstone
WELL_10,8,sandstone
WELL_10,9,sandstone
WELL_10,10,sandstone
WELL_10,11,sandstone
WELL_10,12,sandstone
WELL_10,13,sandstone
WELL_10,14,sandstone
WELL_10,15,sandstone
WELL_10,16,sandstone
WELL_10,17,sandstone
WELL_10,18,sandstone
WELL_10,19,sandstone
WELL_10,20,sandstone
WELL_10,21,sandstone
WELL_10,22,sandstone
WELL_10,23,sandstone
WELL_10,24,sandstone
WELL_10,25,sandstone
WELL_10,26,sandstone
WELL_10,27,sandstone
WELL_10,28,sandstone
WELL_10,29,sandstone
WELL_10,30,sandstone
WELL_10,31,sandstone
WELL_10,32,sandstone
WELL_10,33,sandstone
WELL_10,34,sandstone
WELL_10,35,sandstone
WELL_10,36,sandstone
WELL_10,37,sandstone
WELL_10,38,sandstone
WELL_10,39,sandstone
WELL_10,40,sandstone
WELL_10,41,sandstone
WELL_10,42,sandstone
WELL_10,43,sandstone
WELL_10,44,shale
WELL_10,45,sandstone
WELL_10,46,sandstone
WELL_10,47,shale
WELL_10,48,sandstone
WELL_10,49,sandstone
WELL_10,50,sandstone
WELL_10,51,sandstone
WELL_10,52,sandstone
WELL_10,53,sandstone
WELL_10,54,sandstone
WELL_10,55,sandstone
WELL_10,56,shale
WELL_10,57,sandstone
WELL_10,58,sandstone
WELL_10,59,sandstone
WELL_10,60,sandstone
WELL_10,61,limestone
WELL_10,62,sandstone
WELL_10,63,sandstone
WELL_10,64,sandstone
WELL_10,65,sandstone
WELL_10,66,sandstone
WELL_10,67,sandstone
WELL_10,68,sandstone
WELL_10,69,sandstone
WELL_10,70,sandstone
WELL_10,71,sandstone
WELL_10,72,limestone
WELL_10,73,sandstone
WELL_10,74,sandstone
WELL_10,75,sandstone
WELL_10,76,sandstone
WELL_10,77,sandstone
WELL_10,78,sandstone
WELL_10,79,sandstone
WELL_10,80,shale
WELL_10,81,shale
WELL_10,82,limestone
WELL_10,83,shale
WELL_10,84,shale
WELL_10,85,shale
WELL_10,86,shale
WELL_10,87,shale
WELL_10,88,shale
WELL_10,89,shale
WELL_10,90,shale
WELL_10,91,shale
WELL_10,92,limestone
WELL_10,93,shale
WELL_10,94,shale
WELL_10,95,shale
WELL_10,96,limestone
WELL_10,97,shale
WELL_10,98,shale
WELL_10,99,shale
WELL_10,100,shale
WELL_10,101,shale
WELL_10,102,shale
WELL_10,103,shale
WELL_10,104,shale
WELL_10,105,shale
WELL_10,106,shale
WELL_10,107,sandstone
WELL_10,108,shale
WELL_10,109,shale
WELL_10,110,shale
WELL_10,111,shale
WELL_10,112,shale
WELL_10,113,shale
WELL_10,114,shale
WELL_10,115,shale
WELL_10,116,shale
WELL_10,117,shale
WELL_10,118,shale
WELL_10,119,shale
WELL_10,120,shale
WELL_10,121,limestone
WELL_10,122,shale
WELL_10,123,shale
WELL_10,124,shale
WELL_10,125,shale
WELL_10,126,shale
WELL_10,127,shale
WELL_10,128,shale
WELL_10,129,shale
WELL_10,130,shale
WELL_10,131,shale
WELL_10,132,shale
WELL_10,133,shale
WELL_10,134,shale
WELL_10,135,shale
WELL_10,136,shale
WELL_10,137,shale
WELL_10,138,shale
WELL_10,139,shale
WELL_10,140,shale
WELL_10,141,shale
WELL_10,142,shale
WELL_10,143,shale
WELL_10,144,shale
WELL_10,145,shale
WELL_10,146,shale
WELL_10,147,shale
WELL_10,148,limestone
WELL_10,149,shale
WELL_10,150,shale
WELL_10,151,shale
WELL_10,152,shale
WELL_10,153,shale
WELL_10,154,sandstone
WELL_10,155,shale
WELL_10,156,shale
WELL_10,157,shale
WELL_10,158,shale
WELL_10,159,shale
WELL_10,160,limestone
WELL_10,161,sandstone
WELL_10,162,limestone
WELL_10,163,limestone
WELL_10,164,limestone
WELL_10,165,limestone
WELL_10,166,limestone
WELL_10,167,limestone
WELL_10,168,limestone
WELL_10,169,limestone
WELL_10,170,limestone
WELL_10,171,sandstone
WELL_10,172,limestone
WELL_10,173,limestone
WELL_10,174,limestone
WELL_10,175,limestone
WELL_10,176,limestone
WELL_10,177,limestone
WELL_10,178,limestone
WELL_10,179,limestone
WELL_10,180,sandstone
WELL_10,181,limestone
WELL_10,182,limestone
WELL_10,183,limestone
WELL_10,184,limestone
WELL_10,185,limestone
WELL_10,186,limestone
WELL_10,187,limestone
WELL_10,188,limestone
WELL_10,189,limestone
WELL_10,190,limestone
WELL_10,191,limestone
WELL_10,192,limestone
WELL_10,193,limestone
WELL_10,194,limestone
WELL_10,195,limestone
WELL_10,196,limestone
WELL_10,197,limestone
WELL_10,198,limestone
WELL_10,199,limestone
WELL_10,200,limestone
WELL_10,201,limestone
WELL_10,202,limestone
WELL_10,203,limestone
WELL_10,204,limestone
WELL_10,205,limestone
WELL_10,206,limestone
WELL_10,207,shale
WELL_10,208,limestone
WELL_10,209,limestone
WELL_10,210,limestone
WELL_10,211,limestone
WELL_10,212,limestone
WELL_10,213,limestone
WELL_10,214,limestone
WELL_10,215,limestone
WELL_10,216,limestone
WELL_10,217,limestone
WELL_10,218,limestone
WELL_10,219,limestone
WELL_10,220,limestone
WELL_10,221,limestone
WELL_10,222,limestone
WELL_10,223,limestone
WELL_10,224,limestone
WELL_10,225,limestone
WELL_10,226,limestone
WELL_10,227,limestone
WELL_10,228,limestone
WELL_10,229,limestone
WELL_10,230,limestone
WELL_10,231,limestone
WELL_10,232,limestone
WELL_10,233,limestone
WELL_10,234,limestone
WELL_10,235,limestone
WELL_10,236,limestone
WELL_10,237,limestone
WELL_10,238,shale
WELL_10,239,limestone
WELL_10,240,limestone
WELL_10,241,limestone
WELL_10,242,limestone
WELL_10,243,limestone
WELL_10,244,limestone
WELL_10,245,limestone
WELL_10,246,limestone
WELL_10,247,limestone
WELL_10,248,sandstone
WELL_10,249,sandstone
WELL_11,5,sandstone
WELL_11,6,sandstone
WELL_11,7,sandstone
WELL_11,8,sandstone
WELL_11,9,sandstone
WELL_11,10,sandstone
WELL_11,11,sandstone
WELL_11,12,sandstone
WELL_11,13,sandstone
WELL_11,14,sandstone
WELL_11,15,sandstone
WELL_11,16,sandstone
WELL_11,17,sandstone
WELL_11,18,sandstone
WELL_11,19,shale
WELL_11,20,sandstone
WELL_11,21,sandstone
WELL_11,22,sandstone
WELL_11,23,sandstone
WELL_11,24,sandstone
WELL_11,25,sandstone
WELL_11,26,sandstone
WELL_11,27,sandstone
WELL_11,28,sandstone
WELL_11,29,sandstone
WELL_11,30,sandstone
WELL_11,31,sandstone
WELL_11,32,limestone
WELL_11,33,sandstone
WELL_11,34,sandstone
WELL_11,35,sandstone
WELL_11,36,sandstone
WELL_11,37,sandstone
WELL_11,38,sandstone
WELL_11,39,sandstone
WELL_11,40,sandstone
WELL_11,41,sandstone
WELL_11,42,sandstone
WELL_11,43,sandstone
WELL_11,44,sandstone
WELL_11,45,sandstone
WELL_11,46,limestone
WELL_11,47,sandstone
WELL_11,48,sandstone
WELL_11,49,sandstone
WELL_11,50,sandstone
WELL_11,51,sandstone
WELL_11,52,sandstone
WELL_11,53,sandstone
WELL_11,54,sandstone
WELL_11,55,shale
WELL_11,56,sandstone
WELL_11,57,sandstone
WELL_11,58,sandstone
WELL_11,59,sandstone
WELL_11,60,sandstone
WELL_11,61,sandstone
WELL_11,62,sandstone
WELL_11,63,sandstone
WELL_11,64,sandstone
WELL_11,65,sandstone
WELL_11,66,sandstone
WELL_11,67,sandstone
WELL_11,68,sandstone
WELL_11,69,sandstone
WELL_11,70,sandstone
WELL_11,71,sandstone
WELL_11,72,sandstone
WELL_11,73,sandstone
WELL_11,74,sandstone
WELL_11,75,sandstone
WELL_11,76,sandstone
WELL_11,77,sandstone
WELL_11,78,sandstone
WELL_11,79,sandstone
WELL_11,80,shale
WELL_11,81,shale
WELL_11,82,shale
WELL_11,83,shale
WELL_11,84,shale
WELL_11,85,shale
WELL_11,86,shale
WELL_11,87,shale
WELL_11,88,limestone
WELL_11,89,shale
WELL_11,90,shale
WELL_11,91,shale
WELL_11,92,shale
WELL_11,93,shale
WELL_11,94,shale
WELL_11,95,shale
WELL_11,96,shale
WELL_11,97,shale
WELL_11,98,shale
WELL_11,99,shale
WELL_11,100,shale
WELL_11,101,shale
WELL_11,102,shale
WELL_11,103,sandstone
WELL_11,104,shale
WELL_11,105,shale
WELL_11,106,shale
WELL_11,107,shale
WELL_11,108,shale
WELL_11,109,shale
WELL_11,110,shale
WELL_11,111,shale
WELL_11,112,sandstone
WELL_11,113,shale
WELL_11,114,shale
WELL_11,115,shale
WELL_11,116,shale
WELL_11,117,shale
WELL_11,118,shale
WELL_11,119,shale
WELL_11,120,shale
WELL_11,121,shale
WELL_11,122,shale
WELL_11,123,shale
WELL_11,124,shale
WELL_11,125,shale
WELL_11,126,shale
WELL_11,127,sandstone
WELL_11,128,shale
WELL_11,129,shale
WELL_11,130,shale
WELL_11,131,shale
WELL_11,132,shale
WELL_11,133,shale
WELL_11,134,shale
WELL_11,135,shale
WELL_11,136,shale
WELL_11,137,shale
WELL_11,138,shale
WELL_11,139,shale
WELL_11,140,shale
WELL_11,141,shale
WELL_11,142,shale
WELL_11,143,shale
WELL_11,144,shale
WELL_11,145,shale
WELL_11,146,shale
WELL_11,147,shale
WELL_11,148,shale
WELL_11,149,shale
WELL_11,150,shale
WELL_11,151,shale
WELL_11,152,shale
WELL_11,153,shale
WELL_11,154,shale
WELL_11,155,shale
WELL_11,156,shale
WELL_11,157,shale
WELL_11,158,shale
WELL_11,159,shale
WELL_11,160,limestone
WELL_11,161,limestone
WELL_11,162,limestone
WELL_11,163,limestone
WELL_11,164,limestone
WELL_11,165,limestone
WELL_11,166,limestone
WELL_11,167,limestone
WELL_11,168,limestone
WELL_11,169,limestone
WELL_11,170,limestone
WELL_11,171,limestone
WELL_11,172,limestone
WELL_11,173,limestone
WELL_11,174,limestone
WELL_11,175,limestone
WELL_11,176,shale
WELL_11,177,limestone
WELL_11,178,limestone
WELL_11,179,limestone
WELL_11,180,limestone
WELL_11,181,limestone
WELL_11,182,limestone
WELL_11,183,sandstone
WELL_11,184,limestone
WELL_11,185,limestone
WELL_11,186,limestone
WELL_11,187,limestone
WELL_11,188,limestone
WELL_11,189,limestone
WELL_11,190,limestone
WELL_11,191,limestone
WELL_11,192,limestone
WELL_11,193,limestone
WELL_11,194,limestone
WELL_11,195,limestone
WELL_11,196,limestone
WELL_11,197,limestone
WELL_11,198,limestone
WELL_11,199,limestone
WELL_11,200,limestone
WELL_11,201,limestone
WELL_11,202,limestone
WELL_11,203,limestone
WELL_11,204,limestone
WELL_11,205,limestone
WELL_11,206,limestone
WELL_11,207,limestone
WELL_11,208,limestone
WELL_11,209,limestone
WELL_11,210,limestone
WELL_11,211,limestone
WELL_11,212,limestone
WELL_11,213,limestone
WELL_11,214,limestone
WELL_11,215,limestone
WELL_11,216,limestone
WELL_11,217,limestone
WELL_11,218,limestone
WELL_11,219,limestone
WELL_11,220,limestone
WELL_11,221,limestone
WELL_11,222,limestone
WELL_11,223,sandstone
WELL_11,224,limestone
WELL_11,225,limestone
WELL_11,226,limestone
WELL_11,227,limestone
WELL_11,228,limestone
WELL_11,229,sandstone
WELL_11,230,limestone
WELL_11,231,limestone
WELL_11,232,limestone
WELL_11,233,limestone
WELL_11,234,sandstone
WELL_11,235,limestone
WELL_11,236,limestone
WELL_11,237,sandstone
WELL_11,238,limestone
WELL_11,239,limestone
WELL_11,240,sandstone
WELL_11,241,limestone
WELL_11,242,limestone
WELL_11,243,limestone
WELL_11,244,limestone
WELL_11,245,limestone
WELL_11,246,limestone
WELL_11,247,limestone
WELL_11,248,limestone
WELL_11,249,limestone
WELL_12,5,sandstone
WELL_12,6,sandstone
WELL_12,7,shale
WELL_12,8,sandstone
WELL_12,9,sandstone
WELL_12,10,sandstone
WELL_12,11,sandstone
WELL_12,12,sandstone
WELL_12,13,sandstone
WELL_12,14,sandstone
WELL_12,15,shale
WELL_12,16,sandstone
WELL_12,17,sandstone
WELL_12,18,sandstone
WELL_12,19,sandstone
WELL_12,20,sandstone
WELL_12,21,sandstone
WELL_12,22,sandstone
WELL_12,23,sandstone
WELL_12,24,sandstone
WELL_12,25,sandstone
WELL_12,26,sandstone
WELL_12,27,sandstone
WELL_12,28,sandstone
WELL_12,29,shale
WELL_12,30,shale
WELL_12,31,sandstone
WELL_12,32,sandstone
WELL_12,33,sandstone
WELL_12,34,sandstone
WELL_12,35,sandstone
WELL_12,36,sandstone
WELL_12,37,sandstone
WELL_12,38,sandstone
WELL_12,39,limestone
WELL_12,40,sandstone
WELL_12,41,sandstone
WELL_12,42,sandstone
WELL_12,43,sandstone
WELL_12,44,sandstone
WELL_12,45,sandstone
WELL_12,46,sandstone
WELL_12,47,sandstone
WELL_12,48,sandstone
WELL_12,49,sandstone
WELL_12,50,sandstone
WELL_12,51,sandstone
WELL_12,52,sandstone
WELL_12,53,sandstone
WELL_12,54,sandstone
WELL_12,55,sandstone
WELL_12,56,sandstone
WELL_12,57,sandstone
WELL_12,58,sandstone
WELL_12,59,sandstone
WELL_12,60,shale
WELL_12,61,sandstone
WELL_12,62,sandstone
WELL_12,63,sandstone
WELL_12,64,sandstone
WELL_12,65,sandstone
WELL_12,66,sandstone
WELL_12,67,sandstone
WELL_12,68,sandstone
WELL_12,69,sandstone
WELL_12,70,sandstone
WELL_12,71,sandstone
WELL_12,72,sandstone
WELL_12,73,sandstone
WELL_12,74,sandstone
WELL_12,75,sandstone
WELL_12,76,sandstone
WELL_12,77,sandstone
WELL_12,78,sandstone
WELL_12,79,shale
WELL_12,80,shale
WELL_12,81,shale
WELL_12,82,shale
WELL_12,83,shale
WELL_12,84,shale
WELL_12,85,sandstone
WELL_12,86,shale
WELL_12,87,shale
WELL_12,88,shale
WELL_12,89,shale
WELL_12,90,shale
WELL_12,91,shale
WELL_12,92,shale
WELL_12,93,shale
WELL_12,94,shale
WELL_12,95,shale
WELL_12,96,shale
WELL_12,97,shale
WELL_12,98,shale
WELL_12,99,shale
WELL_12,100,limestone
WELL_12,101,shale
WELL_12,102,shale
WELL_12,103,shale
WELL_12,104,shale
WELL_12,105,shale
WELL_12,106,shale
WELL_12,107,shale
WELL_12,108,shale
WELL_12,109,shale
WELL_12,110,shale
WELL_12,111,shale
WELL_12,112,shale
WELL_12,113,shale
WELL_12,114,shale
WELL_12,115,shale
WELL_12,116,shale
WELL_12,117,shale
WELL_12,118,shale
WELL_12,119,shale
WELL_12,120,shale
WELL_12,121,shale
WELL_12,122,shale
WELL_12,123,shale
WELL_12,124,shale
WELL_12,125,shale
WELL_12,126,shale
WELL_12,127,shale
WELL_12,128,shale
WELL_12,129,sandstone
WELL_12,130,shale
WELL_12,131,shale
WELL_12,132,shale
WELL_12,133,shale
WELL_12,134,shale
WELL_12,135,shale
WELL_12,136,sandstone
WELL_12,137,shale
WELL_12,138,shale
WELL_12,139,shale
WELL_12,140,sandstone
WELL_12,141,shale
WELL_12,142,shale
WELL_12,143,shale
WELL_12,144,shale
WELL_12,145,shale
WELL_12,146,shale
WELL_12,147,shale
WELL_12,148,shale
WELL_12,149,shale
WELL_12,150,shale
WELL_12,151,shale
WELL_12,152,shale
WELL_12,153,shale
WELL_12,154,shale
WELL_12,155,shale
WELL_12,156,shale
WELL_12,157,shale
WELL_12,158,shale
WELL_12,159,shale
WELL_12,160,limestone
WELL_12,161,limestone
WELL_12,162,limestone
WELL_12,163,limestone
WELL_12,164,shale
WELL_12,165,limestone
WELL_12,166,limestone
WELL_12,167,limestone
WELL_12,168,limestone
WELL_12,169,limestone
WELL_12,170,limestone
WELL_12,171,limestone
WELL_12,172,limestone
WELL_12,173,limestone
WELL_12,174,limestone
WELL_12,175,limestone
WELL_12,176,limestone
WELL_12,177,limestone
WELL_12,178,limestone
WELL_12,179,limestone
WELL_12,180,limestone
WELL_12,181,limestone
WELL_12,182,limestone
WELL_12,183,limestone
WELL_12,184,limestone
WELL_12,185,limestone
WELL_12,186,sandstone
WELL_12,187,limestone
WELL_12,188,limestone
WELL_12,189,limestone
WELL_12,190,limestone
WELL_12,191,limestone
WELL_12,192,limestone
WELL_12,193,limestone
WELL_12,194,limestone
WELL_12,195,limestone
WELL_12,196,limestone
WELL_12,197,sandstone
WELL_12,198,limestone
WELL_12,199,limestone
WELL_12,200,limestone
WELL_12,201,limestone
WELL_12,202,limestone
WELL_12,203,limestone
WELL_12,204,limestone
WELL_12,205,limestone
WELL_12,206,sandstone
WELL_12,207,limestone
WELL_12,208,limestone
WELL_12,209,limestone
WELL_12,210,limestone
WELL_12,211,limestone
WELL_12,212,limestone
WELL_12,213,limestone
WELL_12,214,limestone
WELL_12,215,limestone
WELL_12,216,limestone
WELL_12,217,limestone
WELL_12,218,limestone
WELL_12,219,limestone
WELL_12,220,limestone
WELL_12,221,limestone
WELL_12,222,limestone
WELL_12,223,limestone
WELL_12,224,limestone
WELL_12,225,limestone
WELL_12,226,limestone
WELL_12,227,limestone
WELL_12,228,limestone
WELL_12,229,limestone
WELL_12,230,limestone
WELL_12,231,limestone
WELL_12,232,limestone
WELL_12,233,shale
WELL_12,234,limestone
WELL_12,235,limestone
WELL_12,236,limestone
WELL_12,237,limestone
WELL_12,238,limestone
WELL_12,239,limestone
WELL_12,240,limestone
WELL_12,241,limestone
WELL_12,242,limestone
WELL_12,243,limestone
WELL_12,244,limestone
WELL_12,245,limestone
WELL_12,246,limestone
WELL_12,247,limestone
WELL_12,248,limestone
WELL_12,249,limestone
WELL_13,5,sandstone
WELL_13,6,sandstone
WELL_13,7,limestone
WELL_13,8,sandstone
WELL_13,9,sandstone
WELL_13,10,sandstone
WELL_13,11,shale
WELL_13,12,sandstone
WELL_13,13,sandstone
WELL_13,14,sandstone
WELL_13,15,sandstone
WELL_13,16,sandstone
WELL_13,17,sandstone
WELL_13,18,sandstone
WELL_13,19,sandstone
WELL_13,20,sandstone
WELL_13,21,sandstone
WELL_13,22,sandstone
WELL_13,23,limestone
WELL_13,24,sandstone
WELL_13,25,sandstone
WELL_13,26,sandstone
WELL_13,27,sandstone
WELL_13,28,sandstone
WELL_13,29,sandstone
WELL_13,30,sandstone
WELL_13,31,sandstone
WELL_13,32,sandstone
WELL_13,33,sandstone
WELL_13,34,sandstone
WELL_13,35,sandstone
WELL_13,36,sandstone
WELL_13,37,sandstone
WELL_13,38,sandstone
WELL_13,39,sandstone
WELL_13,40,sandstone
WELL_13,41,sandstone
WELL_13,42,sandstone
WELL_13,43,sandstone
WELL_13,44,sandstone
WELL_13,45,sandstone
WELL_13,46,sandstone
WELL_13,47,sandstone
WELL_13,48,sandstone
WELL_13,49,sandstone
WELL_13,50,sandstone
WELL_13,51,sandstone
WELL_13,52,sandstone
WELL_13,53,sandstone
WELL_13,54,sandstone
WELL_13,55,sandstone
WELL_13,56,shale
WELL_13,57,sandstone
WELL_13,58,sandstone
WELL_13,59,sandstone
WELL_13,60,sandstone
WELL_13,61,sandstone
WELL_13,62,sandstone
WELL_13,63,sandstone
WELL_13,64,sandstone
WELL_13,65,sandstone
WELL_13,66,sandstone
WELL_13,67,sandstone
WELL_13,68,sandstone
WELL_13,69,sandstone
WELL_13,70,sandstone
WELL_13,71,sandstone
WELL_13,72,limestone
WELL_13,73,sandstone
WELL_13,74,sandstone
WELL_13,75,shale
WELL_13,76,sandstone
WELL_13,77,shale
WELL_13,78,sandstone
WELL_13,79,sandstone
WELL_13,80,shale
WELL_13,81,shale
WELL_13,82,shale
WELL_13,83,shale
WELL_13,84,shale
WELL_13,85,shale
WELL_13,86,shale
WELL_13,87,shale
WELL_13,88,shale
WELL_13,89,shale
WELL_13,90,sandstone
WELL_13,91,shale
WELL_13,92,shale
WELL_13,93,shale
WELL_13,94,sandstone
WELL_13,95,shale
WELL_13,96,shale
WELL_13,97,shale
WELL_13,98,shale
WELL_13,99,shale
WELL_13,100,shale
WELL_13,101,shale
WELL_13,102,shale
WELL_13,103,shale
WELL_13,104,limestone
WELL_13,105,shale
WELL_13,106,shale
WELL_13,107,sandstone
WELL_13,108,shale
WELL_13,109,shale
WELL_13,110,shale
WELL_13,111,shale
WELL_13,112,shale
WELL_13,113,shale
WELL_13,114,shale
WELL_13,115,shale
WELL_13,116,shale
WELL_13,117,shale
WELL_13,118,shale
WELL_13,119,shale
WELL_13,120,shale
WELL_13,121,shale
WELL_13,122,shale
WELL_13,123,shale
WELL_13,124,limestone
WELL_13,125,shale
WELL_13,126,shale
WELL_13,127,shale
WELL_13,128,shale
WELL_13,129,shale
WELL_13,130,shale
WELL_13,131,shale
WELL_13,132,sandstone
WELL_13,133,shale
WELL_13,134,shale
WELL_13,135,shale
WELL_13,136,shale
WELL_13,137,shale
WELL_13,138,shale
WELL_13,139,shale
WELL_13,140,shale
WELL_13,141,shale
WELL_13,142,shale
WELL_13,143,limestone
WELL_13,144,shale
WELL_13,145,shale
WELL_13,146,shale
WELL_13,147,shale
WELL_13,148,shale
WELL_13,149,shale
WELL_13,150,shale
WELL_13,151,shale
WELL_13,152,shale
WELL_13,153,shale
WELL_13,154,shale
WELL_13,155,shale
WELL_13,156,shale
WELL_13,157,shale
WELL_13,158,shale
WELL_13,159,shale
WELL_13,160,shale
WELL_13,161,limestone
WELL_13,162,limestone
WELL_13,163,limestone
WELL_13,164,limestone
WELL_13,165,limestone
WELL_13,166,limestone
WELL_13,167,limestone
WELL_13,168,shale
WELL_13,169,limestone
WELL_13,170,limestone
WELL_13,171,limestone
WELL_13,172,limestone
WELL_13,173,limestone
WELL_13,174,limestone
WELL_13,175,limestone
WELL_13,176,limestone
WELL_13,177,limestone
WELL_13,178,limestone
WELL_13,179,limestone
WELL_13,180,sandstone
WELL_13,181,limestone
WELL_13,182,limestone
WELL_13,183,sandstone
WELL_13,184,limestone
WELL_13,185,limestone
WELL_13,186,limestone
WELL_13,187,limestone
WELL_13,188,limestone
WELL_13,189,limestone
WELL_13,190,limestone
WELL_13,191,limestone
WELL_13,192,limestone
WELL_13,193,limestone
WELL_13,194,limestone
WELL_13,195,shale
WELL_13,196,limestone
WELL_13,197,limestone
WELL_13,198,limestone
WELL_13,199,shale
WELL_13,200,limestone
WELL_13,201,limestone
WELL_13,202,limestone
WELL_13,203,limestone
WELL_13,204,limestone
WELL_13,205,limestone
WELL_13,206,limestone
WELL_13,207,limestone
WELL_13,208,limestone
WELL_13,209,limestone
WELL_13,210,limestone
WELL_13,211,limestone
WELL_13,212,limestone
WELL_13,213,limestone
WELL_13,214,limestone
WELL_13,215,limestone
WELL_13,216,limestone
WELL_13,217,limestone
WELL_13,218,limestone
WELL_13,219,limestone
WELL_13,220,limestone
WELL_13,221,limestone
WELL_13,222,limestone
WELL_13,223,limestone
WELL_13,224,limestone
WELL_13,225,limestone
WELL_13,226,limestone
WELL_13,227,limestone
WELL_13,228,limestone
WELL_13,229,limestone
WELL_13,230,limestone
WELL_13,231,sandstone
WELL_13,232,limestone
WELL_13,233,limestone
WELL_13,234,limestone
WELL_13,235,limestone
WELL_13,236,limestone
WELL_13,237,limestone
WELL_13,238,limestone
WELL_13,239,limestone
WELL_13,240,limestone
WELL_13,241,limestone
WELL_13,242,limestone
WELL_13,243,limestone
WELL_13,244,limestone
WELL_13,245,limestone
WELL_13,246,limestone
WELL_13,247,limestone
WELL_13,248,limestone
WELL_13,249,limestone
WELL_14,5,sandstone
WELL_14,6,sandstone
WELL_14,7,sandstone
WELL_14,8,sandstone
WELL_14,9,sandstone
WELL_14,10,sandstone
WELL_14,11,sandstone
WELL_14,12,sandstone
WELL_14,13,sandstone
WELL_14,14,sandstone
WELL_14,15,sandstone
WELL_14,16,sandstone
WELL_14,17,sandstone
WELL_14,18,sandstone
WELL_14,19,sandstone
WELL_14,20,sandstone
WELL_14,21,sandstone
WELL_14,22,sandstone
WELL_14,23,sandstone
WELL_14,24,sandstone
WELL_14,25,sandstone
WELL_14,26,sandstone
WELL_14,27,sandstone
WELL_14,28,sandstone
WELL_14,29,sandstone
WELL_14,30,sandstone
WELL_14,31,sandstone
WELL_14,32,sandstone
WELL_14,33,sandstone
WELL_14,34,limestone
WELL_14,35,sandstone
WELL_14,36,sandstone
WELL_14,37,sandstone
WELL_14,38,sandstone
WELL_14,39,sandstone
WELL_14,40,sandstone
WELL_14,41,sandstone
WELL_14,42,limestone
WELL_14,43,sandstone
WELL_14,44,shale
WELL_14,45,sandstone
WELL_14,46,sandstone
WELL_14,47,sandstone
WELL_14,48,sandstone
WELL_14,49,sandstone
WELL_14,50,sandstone
WELL_14,51,sandstone
WELL_14,52,sandstone
WELL_14,53,sandstone
WELL_14,54,sandstone
WELL_14,55,sandstone
WELL_14,56,sandstone
WELL_14,57,sandstone
WELL_14,58,sandstone
WELL_14,59,sandstone
WELL_14,60,sandstone
WELL_14,61,sandstone
WELL_14,62,sandstone
WELL_14,63,sandstone
WELL_14,64,sandstone
WELL_14,65,sandstone
WELL_14,66,sandstone
WELL_14,67,sandstone
WELL_14,68,sandstone
WELL_14,69,sandstone
WELL_14,70,sandstone
WELL_14,71,sandstone
WELL_14,72,sandstone
WELL_14,73,sandstone
WELL_14,74,sandstone
WELL_14,75,sandstone
WELL_14,76,sandstone
WELL_14,77,sandstone
WELL_14,78,shale
WELL_14,79,sandstone
WELL_14,80,shale
WELL_14,81,shale
WELL_14,82,shale
WELL_14,83,limestone
WELL_14,84,shale
WELL_14,85,shale
WELL_14,86,shale
WELL_14,87,shale
WELL_14,88,shale
WELL_14,89,shale
WELL_14,90,shale
WELL_14,91,shale
WELL_14,92,shale
WELL_14,93,shale
WELL_14,94,shale
WELL_14,95,shale
WELL_14,96,shale
WELL_14,97,shale
WELL_14,98,shale
WELL_14,99,shale
WELL_14,100,shale
WELL_14,101,shale
WELL_14,102,shale
WELL_14,103,shale
WELL_14,104,shale
WELL_14,105,shale
WELL_14,106,shale
WELL_14,107,limestone
WELL_14,108,limestone
WELL_14,109,shale
WELL_14,110,shale
WELL_14,111,limestone
WELL_14,112,shale
WELL_14,113,shale
WELL_14,114,shale
WELL_14,115,shale
WELL_14,116,shale
WELL_14,117,shale
WELL_14,118,shale
WELL_14,119,shale
WELL_14,120,shale
WELL_14,121,shale
WELL_14,122,shale
WELL_14,123,limestone
WELL_14,124,shale
WELL_14,125,shale
WELL_14,126,shale
WELL_14,127,shale
WELL_14,128,shale
WELL_14,129,shale
WELL_14,130,shale
WELL_14,131,shale
WELL_14,132,shale
WELL_14,133,shale
WELL_14,134,shale
WELL_14,135,shale
WELL_14,136,shale
WELL_14,137,shale
WELL_14,138,shale
WELL_14,139,shale
WELL_14,140,shale
WELL_14,141,sandstone
WELL_14,142,shale
WELL_14,143,shale
WELL_14,144,shale
WELL_14,145,shale
WELL_14,146,shale
WELL_14,147,shale
WELL_14,148,shale
WELL_14,149,shale
WELL_14,150,shale
WELL_14,151,shale
WELL_14,152,shale
WELL_14,153,shale
WELL_14,154,shale
WELL_14,155,shale
WELL_14,156,shale
WELL_14,157,shale
WELL_14,158,limestone
WELL_14,159,shale
WELL_14,160,limestone
WELL_14,161,limestone
WELL_14,162,limestone
WELL_14,163,limestone
WELL_14,164,limestone
WELL_14,165,limestone
WELL_14,166,limestone
WELL_14,167,limestone
WELL_14,168,limestone
WELL_14,169,limestone
WELL_14,170,shale
WELL_14,171,limestone
WELL_14,172,limestone
WELL_14,173,limestone
WELL_14,174,limestone
WELL_14,175,limestone
WELL_14,176,limestone
WELL_14,177,limestone
WELL_14,178,limestone
WELL_14,179,limestone
WELL_14,180,limestone
WELL_14,181,limestone
WELL_14,182,limestone
WELL_14,183,limestone
WELL_14,184,limestone
WELL_14,185,limestone
WELL_14,186,limestone
WELL_14,187,sandstone
WELL_14,188,limestone
WELL_14,189,limestone
WELL_14,190,limestone
WELL_14,191,limestone
WELL_14,192,limestone
WELL_14,193,limestone
WELL_14,194,limestone
WELL_14,195,limestone
WELL_14,196,limestone
WELL_14,197,limestone
WELL_14,198,limestone
WELL_14,199,limestone
WELL_14,200,limestone
WELL_14,201,limestone
WELL_14,202,limestone
WELL_14,203,limestone
WELL_14,204,limestone
WELL_14,205,limestone
WELL_14,206,limestone
WELL_14,207,limestone
WELL_14,208,limestone
WELL_14,209,limestone
WELL_14,210,limestone
WELL_14,211,limestone
WELL_14,212,limestone
WELL_14,213,limestone
WELL_14,214,limestone
WELL_14,215,limestone
WELL_14,216,limestone
WELL_14,217,limestone
WELL_14,218,sandstone
WELL_14,219,limestone
WELL_14,220,limestone
WELL_14,221,limestone
WELL_14,222,limestone
WELL_14,223,limestone
WELL_14,224,limestone
WELL_14,225,limestone
WELL_14,226,limestone
WELL_14,227,limestone
WELL_14,228,limestone
WELL_14,229,limestone
WELL_14,230,limestone
WELL_14,231,limestone
WELL_14,232,limestone
WELL_14,233,limestone
WELL_14,234,limestone
WELL_14,235,limestone
WELL_14,236,limestone
WELL_14,237,limestone
WELL_14,238,sandstone
WELL_14,239,limestone
WELL_14,240,limestone
WELL_14,241,limestone
WELL_14,242,limestone
WELL_14,243,limestone
WELL_14,244,limestone
WELL_14,245,limestone
WELL_14,246,limestone
WELL_14,247,limestone
WELL_14,248,limestone
WELL_14,249,limestone
WELL_15,5,sandstone
WELL_15,6,sandstone
WELL_15,7,sandstone
WELL_15,8,sandstone
WELL_15,9,sandstone
WELL_15,10,sandstone
WELL_15,11,sandstone
WELL_15,12,sandstone
WELL_15,13,shale
WELL_15,14,sandstone
WELL_15,15,sandstone
WELL_15,16,sandstone
WELL_15,17,sandstone
WELL_15,18,sandstone
WELL_15,19,sandstone
WELL_15,20,sandstone
WELL_15,21,sandstone
WELL_15,22,limestone
WELL_15,23,sandstone
WELL_15,24,sandstone
WELL_15,25,sandstone
WELL_15,26,sandstone
WELL_15,27,sandstone
WELL_15,28,sandstone
WELL_15,29,sandstone
WELL_15,30,sandstone
WELL_15,31,limestone
WELL_15,32,shale
WELL_15,33,sandstone
WELL_15,34,sandstone
WELL_15,35,sandstone
WELL_15,36,sandstone
WELL_15,37,sandstone
WELL_15,38,sandstone
WELL_15,39,sandstone
WELL_15,40,sandstone
WELL_15,41,sandstone
WELL_15,42,sandstone
WELL_15,43,sandstone
WELL_15,44,sandstone
WELL_15,45,limestone
WELL_15,46,sandstone
WELL_15,47,sandstone
WELL_15,48,sandstone
WELL_15,49,sandstone
WELL_15,50,sandstone
WELL_15,51,sandstone
WELL_15,52,sandstone
WELL_15,53,sandstone
WELL_15,54,sandstone
WELL_15,55,sandstone
WELL_15,56,sandstone
WELL_15,57,sandstone
WELL_15,58,sandstone
WELL_15,59,shale
WELL_15,60,sandstone
WELL_15,61,sandstone
WELL_15,62,sandstone
WELL_15,63,sandstone
WELL_15,64,limestone
WELL_15,65,sandstone
WELL_15,66,sandstone
WELL_15,67,sandstone
WELL_15,68,limestone
WELL_15,69,sandstone
WELL_15,70,sandstone
WELL_15,71,sandstone
WELL_15,72,sandstone
WELL_15,73,sandstone
WELL_15,74,sandstone
WELL_15,75,sandstone
WELL_15,76,sandstone
WELL_15,77,sandstone
WELL_15,78,sandstone
WELL_15,79,sandstone
WELL_15,80,shale
WELL_15,81,shale
WELL_15,82,shale
WELL_15,83,shale
WELL_15,84,shale
WELL_15,85,shale
WELL_15,86,shale
WELL_15,87,shale
WELL_15,88,shale
WELL_15,89,shale
WELL_15,90,shale
WELL_15,91,shale
WELL_15,92,shale
WELL_15,93,shale
WELL_15,94,shale
WELL_15,95,shale
WELL_15,96,shale
WELL_15,97,shale
WELL_15,98,shale
WELL_15,99,shale
WELL_15,100,shale
WELL_15,101,shale
WELL_15,102,shale
WELL_15,103,shale
WELL_15,104,sandstone
WELL_15,105,sandstone
WELL_15,106,shale
WELL_15,107,shale
WELL_15,108,shale
WELL_15,109,shale
WELL_15,110,shale
WELL_15,111,shale
WELL_15,112,shale
WELL_15,113,limestone
WELL_15,114,shale
WELL_15,115,shale
WELL_15,116,shale
WELL_15,117,shale
WELL_15,118,shale
WELL_15,119,shale
WELL_15,120,shale
WELL_15,121,shale
WELL_15,122,limestone
WELL_15,123,shale
WELL_15,124,shale
WELL_15,125,shale
WELL_15,126,shale
WELL_15,127,shale
WELL_15,128,limestone
WELL_15,129,shale
WELL_15,130,shale
WELL_15,131,shale
WELL_15,132,shale
WELL_15,133,shale
WELL_15,134,shale
WELL_15,135,shale
WELL_15,136,shale
WELL_15,137,shale
WELL_15,138,shale
WELL_15,139,shale
WELL_15,140,shale
WELL_15,141,shale
WELL_15,142,shale
WELL_15,143,shale
WELL_15,144,shale
WELL_15,145,shale
WELL_15,146,shale
WELL_15,147,shale
WELL_15,148,shale
WELL_15,149,shale
WELL_15,150,shale
WELL_15,151,shale
WELL_15,152,shale
WELL_15,153,shale
WELL_15,154,shale
WELL_15,155,shale
WELL_15,156,shale
WELL_15,157,shale
WELL_15,158,shale
WELL_15,159,shale
WELL_15,160,limestone
WELL_15,161,limestone
WELL_15,162,limestone
WELL_15,163,limestone
WELL_15,164,limestone
WELL_15,165,limestone
WELL_15,166,limestone
WELL_15,167,limestone
WELL_15,168,limestone
WELL_15,169,limestone
WELL_15,170,limestone
WELL_15,171,limestone
WELL_15,172,limestone
WELL_15,173,limestone
WELL_15,174,limestone
WELL_15,175,limestone
WELL_15,176,limestone
WELL_15,177,limestone
WELL_15,178,limestone
WELL_15,179,limestone
WELL_15,180,shale
WELL_15,181,limestone
WELL_15,182,limestone
WELL_15,183,limestone
WELL_15,184,sandstone
WELL_15,185,limestone
WELL_15,186,limestone
WELL_15,187,limestone
WELL_15,188,limestone
WELL_15,189,limestone
WELL_15,190,limestone
WELL_15,191,limestone
WELL_15,192,limestone
WELL_15,193,limestone
WELL_15,194,limestone
WELL_15,195,limestone
WELL_15,196,limestone
WELL_15,197,limestone
WELL_15,198,limestone
WELL_15,199,limestone
WELL_15,200,sandstone
WELL_15,201,limestone
WELL_15,202,limestone
WELL_15,203,limestone
WELL_15,204,limestone
WELL_15,205,shale
WELL_15,206,limestone
WELL_15,207,shale
WELL_15,208,limestone
WELL_15,209,sandstone
WELL_15,210,sandstone
WELL_15,211,limestone
WELL_15,212,limestone
WELL_15,213,limestone
WELL_15,214,limestone
WELL_15,215,limestone
WELL_15,216,shale
WELL_15,217,limestone
WELL_15,218,limestone
WELL_15,219,limestone
WELL_15,220,limestone
WELL_15,221,limestone
WELL_15,222,limestone
WELL_15,223,limestone
WELL_15,224,limestone
WELL_15,225,limestone
WELL_15,226,limestone
WELL_15,227,limestone
WELL_15,228,limestone
WELL_15,229,limestone
WELL_15,230,limestone
WELL_15,231,limestone
WELL_15,232,limestone
WELL_15,233,limestone
WELL_15,234,limestone
WELL_15,235,limestone
WELL_15,236,limestone
WELL_15,237,limestone
WELL_15,238,limestone
WELL_15,239,limestone
WELL_15,240,sandstone
WELL_15,241,limestone
WELL_15,242,limestone
WELL_15,243,limestone
WELL_15,244,limestone
WELL_15,245,limestone
WELL_15,246,limestone
WELL_15,247,limestone
WELL_15,248,limestone
WELL_15,249,limestone
WELL_16,5,sandstone
WELL_16,6,sandstone
WELL_16,7,sandstone
WELL_16,8,sandstone
WELL_16,9,sandstone
WELL_16,10,sandstone
WELL_16,11,sandstone
WELL_16,12,sandstone
WELL_16,13,sandstone
WELL_16,14,sandstone
WELL_16,15,limestone
WELL_16,16,sandstone
WELL_16,17,sandstone
WELL_16,18,sandstone
WELL_16,19,sandstone
WELL_16,20,sandstone
WELL_16,21,sandstone
WELL_16,22,sandstone
WELL_16,23,sandstone
WELL_16,24,sandstone
WELL_16,25,sandstone
WELL_16,26,sandstone
WELL_16,27,sandstone
WELL_16,28,sandstone
WELL_16,29,sandstone
WELL_16,30,sandstone
WELL_16,31,sandstone
WELL_16,32,sandstone
WELL_16,33,sandstone
WELL_16,34,sandstone
WELL_16,35,sandstone
WELL_16,36,sandstone
WELL_16,37,shale
WELL_16,38,sandstone
WELL_16,39,sandstone
WELL_16,40,sandstone
WELL_16,41,sandstone
WELL_16,42,sandstone
WELL_16,43,sandstone
WELL_16,44,sandstone
WELL_16,45,sandstone
WELL_16,46,sandstone
WELL_16,47,shale
WELL_16,48,sandstone
WELL_16,49,sandstone
WELL_16,50,sandstone
WELL_16,51,sandstone
WELL_16,52,sandstone
WELL_16,53,sandstone
WELL_16,54,sandstone
WELL_16,55,sandstone
WELL_16,56,sandstone
WELL_16,57,sandstone
WELL_16,58,sandstone
WELL_16,59,sandstone
WELL_16,60,sandstone
WELL_16,61,sandstone
WELL_16,62,sandstone
WELL_16,63,sandstone
WELL_16,64,sandstone
WELL_16,65,sandstone
WELL_16,66,sandstone
WELL_16,67,sandstone
WELL_16,68,sandstone
WELL_16,69,sandstone
WELL_16,70,sandstone
WELL_16,71,sandstone
WELL_16,72,sandstone
WELL_16,73,sandstone
WELL_16,74,sandstone
WELL_16,75,sandstone
WELL_16,76,sandstone
WELL_16,77,sandstone
WELL_16,78,sandstone
WELL_16,79,sandstone
WELL_16,80,shale
WELL_16,81,shale
WELL_16,82,shale
WELL_16,83,shale
WELL_16,84,shale
WELL_16,85,shale
WELL_16,86,shale
WELL_16,87,shale
WELL_16,88,shale
WELL_16,89,shale
WELL_16,90,shale
WELL_16,91,shale
WELL_16,92,shale
WELL_16,93,shale
WELL_16,94,shale
WELL_16,95,shale
WELL_16,96,shale
WELL_16,97,shale
WELL_16,98,shale
WELL_16,99,shale
WELL_16,100,limestone
WELL_16,101,shale
WELL_16,102,sandstone
WELL_16,103,shale
WELL_16,104,shale
WELL_16,105,shale
WELL_16,106,sandstone
WELL_16,107,shale
WELL_16,108,shale
WELL_16,109,shale
WELL_16,110,shale
WELL_16,111,limestone
WELL_16,112,shale
WELL_16,113,shale
WELL_16,114,shale
WELL_16,115,shale
WELL_16,116,limestone
WELL_16,117,shale
WELL_16,118,shale
WELL_16,119,shale
WELL_16,120,shale
WELL_16,121,shale
WELL_16,122,shale
WELL_16,123,shale
WELL_16,124,shale
WELL_16,125,shale
WELL_16,126,shale
WELL_16,127,shale
WELL_16,128,sandstone
WELL_16,129,shale
WELL_16,130,shale
WELL_16,131,shale
WELL_16,132,shale
WELL_16,133,shale
WELL_16,134,shale
WELL_16,135,shale
WELL_16,136,shale
WELL_16,137,shale
WELL_16,138,shale
WELL_16,139,shale
WELL_16,140,shale
WELL_16,141,shale
WELL_16,142,shale
WELL_16,143,shale
WELL_16,144,shale
WELL_16,145,shale
WELL_16,146,shale
WELL_16,147,limestone
WELL_16,148,shale
WELL_16,149,shale
WELL_16,150,shale
WELL_16,151,shale
WELL_16,152,shale
WELL_16,153,shale
WELL_16,154,shale
WELL_16,155,shale
WELL_16,156,shale
WELL_16,157,shale
WELL_16,158,shale
WELL_16,159,shale
WELL_16,160,limestone
WELL_16,161,limestone
WELL_16,162,limestone
WELL_16,163,limestone
WELL_16,164,limestone
WELL_16,165,limestone
WELL_16,166,limestone
WELL_16,167,limestone
WELL_16,168,limestone
WELL_16,169,limestone
WELL_16,170,limestone
WELL_16,171,limestone
WELL_16,172,limestone
WELL_16,173,shale
WELL_16,174,limestone
WELL_16,175,limestone
WELL_16,176,limestone
WELL_16,177,sandstone
WELL_16,178,limestone
WELL_16,179,limestone
WELL_16,180,limestone
WELL_16,181,limestone
WELL_16,182,limestone
WELL_16,183,limestone
WELL_16,184,shale
WELL_16,185,limestone
WELL_16,186,limestone
WELL_16,187,limestone
WELL_16,188,shale
WELL_16,189,limestone
WELL_16,190,limestone
WELL_16,191,limestone
WELL_16,192,limestone
WELL_16,193,limestone
WELL_16,194,limestone
WELL_16,195,limestone
WELL_16,196,limestone
WELL_16,197,limestone
WELL_16,198,limestone
WELL_16,199,limestone
WELL_16,200,limestone
WELL_16,201,limestone
WELL_16,202,limestone
WELL_16,203,shale
WELL_16,204,sandstone
WELL_16,205,limestone
WELL_16,206,limestone
WELL_16,207,limestone
WELL_16,208,limestone
WELL_16,209,limestone
WELL_16,210,limestone
WELL_16,211,limestone
WELL_16,212,limestone
WELL_16,213,limestone
WELL_16,214,sandstone
WELL_16,215,limestone
WELL_16,216,limestone
WELL_16,217,limestone
WELL_16,218,limestone
WELL_16,219,limestone
WELL_16,220,limestone
WELL_16,221,limestone
WELL_16,222,limestone
WELL_16,223,limestone
WELL_16,224,limestone
WELL_16,225,limestone
WELL_16,226,limestone
WELL_16,227,limestone
WELL_16,228,limestone
WELL_16,229,limestone
WELL_16,230,limestone
WELL_16,231,limestone
WELL_16,232,limestone
WELL_16,233,limestone
WELL_16,234,limestone
WELL_16,235,limestone
WELL_16,236,limestone
WELL_16,237,limestone
WELL_16,238,limestone
WELL_16,239,limestone
WELL_16,240,limestone
WELL_16,241,limestone
WELL_16,242,limestone
WELL_16,243,limestone
WELL_16,244,limestone
WELL_16,245,limestone
WELL_16,246,limestone
WELL_16,247,limestone
WELL_16,248,limestone
WELL_16,249,limestone
WELL_17,5,sandstone
WELL_17,6,sandstone
WELL_17,7,sandstone
WELL_17,8,sandstone
WELL_17,9,shale
WELL_17,10,sandstone
WELL_17,11,shale
WELL_17,12,sandstone
WELL_17,13,sandstone
WELL_17,14,sandstone
WELL_17,15,sandstone
WELL_17,16,sandstone
WELL_17,17,limestone
WELL_17,18,sandstone
WELL_17,19,sandstone
WELL_17,20,sandstone
WELL_17,21,sandstone
WELL_17,22,sandstone
WELL_17,23,sandstone
WELL_17,24,sandstone
WELL_17,25,limestone
WELL_17,26,sandstone
WELL_17,27,sandstone
WELL_17,28,sandstone
WELL_17,29,limestone
WELL_17,30,sandstone
WELL_17,31,limestone
WELL_17,32,sandstone
WELL_17,33,sandstone
WELL_17,34,limestone
WELL_17,35,sandstone
WELL_17,36,shale
WELL_17,37,sandstone
WELL_17,38,sandstone
WELL_17,39,sandstone
WELL_17,40,sandstone
WELL_17,41,sandstone
WELL_17,42,sandstone
WELL_17,43,sandstone
WELL_17,44,sandstone
WELL_17,45,sandstone
WELL_17,46,sandstone
WELL_17,47,sandstone
WELL_17,48,sandstone
WELL_17,49,sandstone
WELL_17,50,sandstone
WELL_17,51,sandstone
WELL_17,52,sandstone
WELL_17,53,sandstone
WELL_17,54,sandstone
WELL_17,55,limestone
WELL_17,56,sandstone
WELL_17,57,sandstone
WELL_17,58,sandstone
WELL_17,59,sandstone
WELL_17,60,sandstone
WELL_17,61,sandstone
WELL_17,62,sandstone
WELL_17,63,sandstone
WELL_17,64,sandstone
WELL_17,65,sandstone
WELL_17,66,sandstone
WELL_17,67,sandstone
WELL_17,68,sandstone
WELL_17,69,sandstone
WELL_17,70,sandstone
WELL_17,71,sandstone
WELL_17,72,sandstone
WELL_17,73,sandstone
WELL_17,74,sandstone
WELL_17,75,sandstone
WELL_17,76,sandstone
WELL_17,77,sandstone
WELL_17,78,sandstone
WELL_17,79,sandstone
WELL_17,80,shale
WELL_17,81,shale
WELL_17,82,shale
WELL_17,83,shale
WELL_17,84,shale
WELL_17,85,shale
WELL_17,86,shale
WELL_17,87,shale
WELL_17,88,shale
WELL_17,89,shale
WELL_17,90,shale
WELL_17,91,shale
WELL_17,92,shale
WELL_17,93,shale
WELL_17,94,shale
WELL_17,95,shale
WELL_17,96,shale
WELL_17,97,shale
WELL_17,98,shale
WELL_17,99,shale
WELL_17,100,shale
WELL_17,101,shale
WELL_17,102,shale
WELL_17,103,shale
WELL_17,104,shale
WELL_17,105,shale
WELL_17,106,shale
WELL_17,107,shale
WELL_17,108,shale
WELL_17,109,shale
WELL_17,110,shale
WELL_17,111,shale
WELL_17,112,shale
WELL_17,113,shale
WELL_17,114,shale
WELL_17,115,shale
WELL_17,116,shale
WELL_17,117,shale
WELL_17,118,shale
WELL_17,119,shale
WELL_17,120,shale
WELL_17,121,shale
WELL_17,122,shale
WELL_17,123,shale
WELL_17,124,shale
WELL_17,125,shale
WELL_17,126,shale
WELL_17,127,shale
WELL_17,128,shale
WELL_17,129,shale
WELL_17,130,shale
WELL_17,131,shale
WELL_17,132,shale
WELL_17,133,shale
WELL_17,134,shale
WELL_17,135,shale
WELL_17,136,shale
WELL_17,137,shale
WELL_17,138,shale
WELL_17,139,shale
WELL_17,140,shale
WELL_17,141,shale
WELL_17,142,shale
WELL_17,143,shale
WELL_17,144,shale
WELL_17,145,shale
WELL_17,146,shale
WELL_17,147,shale
WELL_17,148,shale
WELL_17,149,shale
WELL_17,150,limestone
WELL_17,151,shale
WELL_17,152,shale
WELL_17,153,limestone
WELL_17,154,shale
WELL_17,155,shale
WELL_17,156,shale
WELL_17,157,shale
WELL_17,158,shale
WELL_17,159,shale
WELL_17,160,limestone
WELL_17,161,limestone
WELL_17,162,limestone
WELL_17,163,limestone
WELL_17,164,limestone
WELL_17,165,limestone
WELL_17,166,limestone
WELL_17,167,limestone
WELL_17,168,limestone
WELL_17,169,limestone
WELL_17,170,limestone
WELL_17,171,limestone
WELL_17,172,limestone
WELL_17,173,limestone
WELL_17,174,limestone
WELL_17,175,limestone
WELL_17,176,limestone
WELL_17,177,limestone
WELL_17,178,limestone
WELL_17,179,limestone
WELL_17,180,limestone
WELL_17,181,limestone
WELL_17,182,limestone
WELL_17,183,limestone
WELL_17,184,limestone
WELL_17,185,limestone
WELL_17,186,limestone
WELL_17,187,limestone
WELL_17,188,limestone
WELL_17,189,limestone
WELL_17,190,limestone
WELL_17,191,limestone
WELL_17,192,limestone
WELL_17,193,limestone
WELL_17,194,limestone
WELL_17,195,limestone
WELL_17,196,limestone
WELL_17,197,limestone
WELL_17,198,limestone
WELL_17,199,limestone
WELL_17,200,limestone
WELL_17,201,limestone
WELL_17,202,limestone
WELL_17,203,limestone
WELL_17,204,shale
WELL_17,205,limestone
WELL_17,206,limestone
WELL_17,207,limestone
WELL_17,208,sandstone
WELL_17,209,limestone
WELL_17,210,limestone
WELL_17,211,limestone
WELL_17,212,limestone
WELL_17,213,limestone
WELL_17,214,limestone
WELL_17,215,limestone
WELL_17,216,limestone
WELL_17,217,limestone
WELL_17,218,limestone
WELL_17,219,limestone
WELL_17,220,limestone
WELL_17,221,limestone
WELL_17,222,limestone
WELL_17,223,limestone
WELL_17,224,limestone
WELL_17,225,limestone
WELL_17,226,limestone
WELL_17,227,limestone
WELL_17,228,limestone
WELL_17,229,limestone
WELL_17,230,limestone
WELL_17,231,limestone
WELL_17,232,limestone
WELL_17,233,limestone
WELL_17,234,limestone
WELL_17,235,sandstone
WELL_17,236,limestone
WELL_17,237,sandstone
WELL_17,238,limestone
WELL_17,239,limestone
WELL_17,240,limestone
WELL_17,241,limestone
WELL_17,242,limestone
WELL_17,243,limestone
WELL_17,244,limestone
WELL_17,245,limestone
WELL_17,246,limestone
WELL_17,247,limestone
WELL_17,248,limestone
WELL_17,249,limestone
WELL_18,5,sandstone
WELL_18,6,sandstone
WELL_18,7,sandstone
WELL_18,8,sandstone
WELL_18,9,sandstone
WELL_18,10,sandstone
WELL_18,11,sandstone
WELL_18,12,sandstone
WELL_18,13,sandstone
WELL_18,14,sandstone
WELL_18,15,sandstone
WELL_18,16,sandstone
WELL_18,17,sandstone
WELL_18,18,sandstone
WELL_18,19,shale
WELL_18,20,sandstone
WELL_18,21,sandstone
WELL_18,22,sandstone
WELL_18,23,sandstone
WELL_18,24,sandstone
WELL_18,25,sandstone
WELL_18,26,sandstone
WELL_18,27,shale
WELL_18,28,sandstone
WELL_18,29,sandstone
WELL_18,30,sandstone
WELL_18,31,sandstone
WELL_18,32,sandstone
WELL_18,33,sandstone
WELL_18,34,sandstone
WELL_18,35,sandstone
WELL_18,36,sandstone
WELL_18,37,sandstone
WELL_18,38,sandstone
WELL_18,39,sandstone
WELL_18,40,sandstone
WELL_18,41,sandstone
WELL_18,42,sandstone
WELL_18,43,sandstone
WELL_18,44,sandstone
WELL_18,45,sandstone
WELL_18,46,sandstone
WELL_18,47,sandstone
WELL_18,48,sandstone
WELL_18,49,sandstone
WELL_18,50,sandstone
WELL_18,51,sandstone
WELL_18,52,sandstone
WELL_18,53,sandstone
WELL_18,54,sandstone
WELL_18,55,sandstone
WELL_18,56,shale
WELL_18,57,sandstone
WELL_18,58,sandstone
WELL_18,59,sandstone
WELL_18,60,sandstone
WELL_18,61,sandstone
WELL_18,62,sandstone
WELL_18,63,sandstone
WELL_18,64,sandstone
WELL_18,65,sandstone
WELL_18,66,sandstone
WELL_18,67,sandstone
WELL_18,68,sandstone
WELL_18,69,sandstone
WELL_18,70,sandstone
WELL_18,71,sandstone
WELL_18,72,sandstone
WELL_18,73,sandstone
WELL_18,74,sandstone
WELL_18,75,sandstone
WELL_18,76,sandstone
WELL_18,77,sandstone
WELL_18,78,sandstone
WELL_18,79,sandstone
WELL_18,80,shale
WELL_18,81,shale
WELL_18,82,shale
WELL_18,83,shale
WELL_18,84,shale
WELL_18,85,shale
WELL_18,86,shale
WELL_18,87,shale
WELL_18,88,shale
WELL_18,89,shale
WELL_18,90,sandstone
WELL_18,91,sandstone
WELL_18,92,shale
WELL_18,93,shale
WELL_18,94,shale
WELL_18,95,shale
WELL_18,96,shale
WELL_18,97,shale
WELL_18,98,shale
WELL_18,99,shale
WELL_18,100,shale
WELL_18,101,shale
WELL_18,102,shale
WELL_18,103,shale
WELL_18,104,shale
WELL_18,105,shale
WELL_18,106,shale
WELL_18,107,limestone
WELL_18,108,shale
WELL_18,109,shale
WELL_18,110,shale
WELL_18,111,shale
WELL_18,112,sandstone
WELL_18,113,shale
WELL_18,114,shale
WELL_18,115,shale
WELL_18,116,shale
WELL_18,117,shale
WELL_18,118,shale
WELL_18,119,shale
WELL_18,120,shale
WELL_18,121,shale
WELL_18,122,shale
WELL_18,123,shale
WELL_18,124,shale
WELL_18,125,shale
WELL_18,126,shale
WELL_18,127,shale
WELL_18,128,shale
WELL_18,129,shale
WELL_18,130,shale
WELL_18,131,shale
WELL_18,132,shale
WELL_18,133,shale
WELL_18,134,shale
WELL_18,135,shale
WELL_18,136,shale
WELL_18,137,shale
WELL_18,138,shale
WELL_18,139,shale
WELL_18,140,shale
WELL_18,141,shale
WELL_18,142,shale
WELL_18,143,shale
WELL_18,144,shale
WELL_18,145,shale
WELL_18,146,shale
WELL_18,147,shale
WELL_18,148,shale
WELL_18,149,shale
WELL_18,150,limestone
WELL_18,151,shale
WELL_18,152,shale
WELL_18,153,shale
WELL_18,154,limestone
WELL_18,155,shale
WELL_18,156,shale
WELL_18,157,shale
WELL_18,158,shale
WELL_18,159,shale
WELL_18,160,limestone
WELL_18,161,limestone
WELL_18,162,limestone
WELL_18,163,limestone
WELL_18,164,limestone
WELL_18,165,limestone
WELL_18,166,limestone
WELL_18,167,limestone
WELL_18,168,limestone
WELL_18,169,limestone
WELL_18,170,limestone
WELL_18,171,limestone
WELL_18,172,limestone
WELL_18,173,limestone
WELL_18,174,limestone
WELL_18,175,limestone
WELL_18,176,limestone
WELL_18,177,limestone
WELL_18,178,limestone
WELL_18,179,limestone
WELL_18,180,limestone
WELL_18,181,limestone
WELL_18,182,limestone
WELL_18,183,limestone
WELL_18,184,limestone
WELL_18,185,limestone
WELL_18,186,limestone
WELL_18,187,limestone
WELL_18,188,limestone
WELL_18,189,limestone
WELL_18,190,limestone
WELL_18,191,limestone
WELL_18,192,limestone
WELL_18,193,limestone
WELL_18,194,limestone
WELL_18,195,limestone
WELL_18,196,limestone
WELL_18,197,limestone
WELL_18,198,limestone
WELL_18,199,limestone
WELL_18,200,limestone
WELL_18,201,limestone
WELL_18,202,limestone
WELL_18,203,limestone
WELL_18,204,shale
WELL_18,205,limestone
WELL_18,206,shale
WELL_18,207,limestone
WELL_18,208,limestone
WELL_18,209,limestone
WELL_18,210,limestone
WELL_18,211,limestone
WELL_18,212,limestone
WELL_18,213,limestone
WELL_18,214,limestone
WELL_18,215,limestone
WELL_18,216,limestone
WELL_18,217,limestone
WELL_18,218,limestone
WELL_18,219,limestone
WELL_18,220,limestone
WELL_18,221,limestone
WELL_18,222,limestone
WELL_18,223,limestone
WELL_18,224,limestone
WELL_18,225,limestone
WELL_18,226,limestone
WELL_18,227,limestone
WELL_18,228,limestone
WELL_18,229,limestone
WELL_18,230,limestone
WELL_18,231,limestone
WELL_18,232,sandstone
WELL_18,233,limestone
WELL_18,234,sandstone
WELL_18,235,limestone
WELL_18,236,limestone
WELL_18,237,limestone
WELL_18,238,limestone
WELL_18,239,limestone
WELL_18,240,limestone
WELL_18,241,limestone
WELL_18,242,limestone
WELL_18,243,limestone
WELL_18,244,sandstone
WELL_18,245,sandstone
WELL_18,246,limestone
WELL_18,247,limestone
WELL_18,248,limestone
WELL_18,249,limestone
WELL_19,5,sandstone
WELL_19,6,sandstone
WELL_19,7,sandstone
WELL_19,8,sandstone
WELL_19,9,shale
WELL_19,10,sandstone
WELL_19,11,sandstone
WELL_19,12,sandstone
WELL_19,13,sandstone
WELL_19,14,sandstone
WELL_19,15,sandstone
WELL_19,16,sandstone
WELL_19,17,sandstone
WELL_19,18,sandstone
WELL_19,19,sandstone
WELL_19,20,sandstone
WELL_19,21,sandstone
WELL_19,22,shale
WELL_19,23,sandstone
WELL_19,24,sandstone
WELL_19,25,sandstone
WELL_19,26,sandstone
WELL_19,27,sandstone
WELL_19,28,sandstone
WELL_19,29,sandstone
WELL_19,30,sandstone
WELL_19,31,sandstone
WELL_19,32,limestone
WELL_19,33,sandstone
WELL_19,34,sandstone
WELL_19,35,sandstone
WELL_19,36,sandstone
WELL_19,37,sandstone
WELL_19,38,sandstone
WELL_19,39,sandstone
WELL_19,40,sandstone
WELL_19,41,sandstone
WELL_19,42,sandstone
WELL_19,43,sandstone
WELL_19,44,sandstone
WELL_19,45,sandstone
WELL_19,46,sandstone
WELL_19,47,sandstone
WELL_19,48,limestone
WELL_19,49,sandstone
WELL_19,50,sandstone
WELL_19,51,sandstone
WELL_19,52,sandstone
WELL_19,53,sandstone
WELL_19,54,sandstone
WELL_19,55,sandstone
WELL_19,56,shale
WELL_19,57,sandstone
WELL_19,58,sandstone
WELL_19,59,sandstone
WELL_19,60,sandstone
WELL_19,61,sandstone
WELL_19,62,sandstone
WELL_19,63,sandstone
WELL_19,64,sandstone
WELL_19,65,sandstone
WELL_19,66,sandstone
WELL_19,67,sandstone
WELL_19,68,sandstone
WELL_19,69,sandstone
WELL_19,70,sandstone
WELL_19,71,sandstone
WELL_19,72,sandstone
WELL_19,73,sandstone
WELL_19,74,sandstone
WELL_19,75,sandstone
WELL_19,76,sandstone
WELL_19,77,sandstone
WELL_19,78,sandstone
WELL_19,79,sandstone
WELL_19,80,shale
WELL_19,81,shale
WELL_19,82,shale
WELL_19,83,shale
WELL_19,84,shale
WELL_19,85,shale
WELL_19,86,shale
WELL_19,87,sandstone
WELL_19,88,shale
WELL_19,89,shale
WELL_19,90,shale
WELL_19,91,shale
WELL_19,92,shale
WELL_19,93,shale
WELL_19,94,shale
WELL_19,95,shale
WELL_19,96,shale
WELL_19,97,shale
WELL_19,98,shale
WELL_19,99,shale
WELL_19,100,shale
WELL_19,101,shale
WELL_19,102,shale
WELL_19,103,shale
WELL_19,104,shale
WELL_19,105,shale
WELL_19,106,shale
WELL_19,107,shale
WELL_19,108,shale
WELL_19,109,shale
WELL_19,110,shale
WELL_19,111,shale
WELL_19,112,shale
WELL_19,113,sandstone
WELL_19,114,shale
WELL_19,115,shale
WELL_19,116,shale
WELL_19,117,shale
WELL_19,118,shale
WELL_19,119,limestone
WELL_19,120,shale
WELL_19,121,shale
WELL_19,122,shale
WELL_19,123,shale
WELL_19,124,shale
WELL_19,125,shale
WELL_19,126,shale
WELL_19,127,shale
WELL_19,128,shale
WELL_19,129,shale
WELL_19,130,shale
WELL_19,131,shale
WELL_19,132,shale
WELL_19,133,shale
WELL_19,134,shale
WELL_19,135,shale
WELL_19,136,shale
WELL_19,137,limestone
WELL_19,138,shale
WELL_19,139,shale
WELL_19,140,shale
WELL_19,141,shale
WELL_19,142,shale
WELL_19,143,shale
WELL_19,144,shale
WELL_19,145,shale
WELL_19,146,shale
WELL_19,147,shale
WELL_19,148,shale
WELL_19,149,shale
WELL_19,150,shale
WELL_19,151,shale
WELL_19,152,shale
WELL_19,153,shale
WELL_19,154,shale
WELL_19,155,shale
WELL_19,156,shale
WELL_19,157,shale
WELL_19,158,shale
WELL_19,159,shale
WELL_19,160,limestone
WELL_19,161,limestone
WELL_19,162,limestone
WELL_19,163,limestone
WELL_19,164,limestone
WELL_19,165,limestone
WELL_19,166,limestone
WELL_19,167,limestone
WELL_19,168,limestone
WELL_19,169,limestone
WELL_19,170,limestone
WELL_19,171,limestone
WELL_19,172,limestone
WELL_19,173,limestone
WELL_19,174,limestone
WELL_19,175,limestone
WELL_19,176,limestone
WELL_19,177,shale
WELL_19,178,limestone
WELL_19,179,shale
WELL_19,180,limestone
WELL_19,181,limestone
WELL_19,182,limestone
WELL_19,183,limestone
WELL_19,184,limestone
WELL_19,185,limestone
WELL_19,186,limestone
WELL_19,187,limestone
WELL_19,188,limestone
WELL_19,189,limestone
WELL_19,190,limestone
WELL_19,191,limestone
WELL_19,192,limestone
WELL_19,193,limestone
WELL_19,194,limestone
WELL_19,195,limestone
WELL_19,196,limestone
WELL_19,197,limestone
WELL_19,198,limestone
WELL_19,199,limestone
WELL_19,200,limestone
WELL_19,201,limestone
WELL_19,202,limestone
WELL_19,203,limestone
WELL_19,204,shale
WELL_19,205,limestone
WELL_19,206,limestone
WELL_19,207,limestone
WELL_19,208,limestone
WELL_19,209,limestone
WELL_19,210,limestone
WELL_19,211,limestone
WELL_19,212,limestone
WELL_19,213,limestone
WELL_19,214,limestone
WELL_19,215,limestone
WELL_19,216,limestone
WELL_19,217,limestone
WELL_19,218,limestone
WELL_19,219,limestone
WELL_19,220,limestone
WELL_19,221,limestone
WELL_19,222,shale
WELL_19,223,limestone
WELL_19,224,limestone
WELL_19,225,limestone
WELL_19,226,limestone
WELL_19,227,limestone
WELL_19,228,limestone
WELL_19,229,limestone
WELL_19,230,limestone
WELL_19,231,shale
WELL_19,232,limestone
WELL_19,233,limestone
WELL_19,234,limestone
WELL_19,235,limestone
WELL_19,236,limestone
WELL_19,237,limestone
WELL_19,238,limestone
WELL_19,239,limestone
WELL_19,240,limestone
WELL_19,241,limestone
WELL_19,242,limestone
WELL_19,243,limestone
WELL_19,244,limestone
WELL_19,245,limestone
WELL_19,246,limestone
WELL_19,247,limestone
WELL_19,248,limestone
WELL_19,249,limestone
WELL_2,5,sandstone
WELL_2,6,sandstone
WELL_2,7,sandstone
WELL_2,8,sandstone
WELL_2,9,shale
WELL_2,10,sandstone
WELL_2,11,sandstone
WELL_2,12,sandstone
WELL_2,13,sandstone
WELL_2,14,sandstone
WELL_2,15,sandstone
WELL_2,16,sandstone
WELL_2,17,sandstone
WELL_2,18,sandstone
WELL_2,19,sandstone
WELL_2,20,sandstone
WELL_2,21,sandstone
WELL_2,22,sandstone
WELL_2,23,sandstone
WELL_2,24,sandstone
WELL_2,25,sandstone
WELL_2,26,sandstone
WELL_2,27,sandstone
WELL_2,28,sandstone
WELL_2,29,sandstone
WELL_2,30,sandstone
WELL_2,31,limestone
WELL_2,32,sandstone
WELL_2,33,sandstone
WELL_2,34,sandstone
WELL_2,35,sandstone
WELL_2,36,sandstone
WELL_2,37,sandstone
WELL_2,38,sandstone
WELL_2,39,sandstone
WELL_2,40,sandstone
WELL_2,41,sandstone
WELL_2,42,sandstone
WELL_2,43,sandstone
WELL_2,44,sandstone
WELL_2,45,sandstone
WELL_2,46,sandstone
WELL_2,47,sandstone
WELL_2,48,sandstone
WELL_2,49,sandstone
WELL_2,50,sandstone
WELL_2,51,sandstone
WELL_2,52,sandstone
WELL_2,53,sandstone
WELL_2,54,sandstone
WELL_2,55,sandstone
WELL_2,56,sandstone
WELL_2,57,sandstone
WELL_2,58,sandstone
WELL_2,59,sandstone
WELL_2,60,sandstone
WELL_2,61,sandstone
WELL_2,62,sandstone
WELL_2,63,sandstone
WELL_2,64,sandstone
WELL_2,65,sandstone
WELL_2,66,sandstone
WELL_2,67,sandstone
WELL_2,68,sandstone
WELL_2,69,sandstone
WELL_2,70,sandstone
WELL_2,71,sandstone
WELL_2,72,sandstone
WELL_2,73,sandstone
WELL_2,74,sandstone
WELL_2,75,sandstone
WELL_2,76,sandstone
WELL_2,77,sandstone
WELL_2,78,shale
WELL_2,79,shale
WELL_2,80,shale
WELL_2,81,shale
WELL_2,82,shale
WELL_2,83,shale
WELL_2,84,shale
WELL_2,85,shale
WELL_2,86,shale
WELL_2,87,shale
WELL_2,88,shale
WELL_2,89,sandstone
WELL_2,90,shale
WELL_2,91,shale
WELL_2,92,shale
WELL_2,93,shale
WELL_2,94,sandstone
WELL_2,95,shale
WELL_2,96,shale
WELL_2,97,shale
WELL_2,98,shale
WELL_2,99,shale
WELL_2,100,sandstone
WELL_2,101,shale
WELL_2,102,shale
WELL_2,103,shale
WELL_2,104,shale
WELL_2,105,shale
WELL_2,106,shale
WELL_2,107,shale
WELL_2,108,shale
WELL_2,109,shale
WELL_2,110,shale
WELL_2,111,shale
WELL_2,112,shale
WELL_2,113,sandstone
WELL_2,114,shale
WELL_2,115,shale
WELL_2,116,shale
WELL_2,117,shale
WELL_2,118,shale
WELL_2,119,shale
WELL_2,120,shale
WELL_2,121,shale
WELL_2,122,shale
WELL_2,123,shale
WELL_2,124,shale
WELL_2,125,shale
WELL_2,126,shale
WELL_2,127,shale
WELL_2,128,shale
WELL_2,129,shale
WELL_2,130,shale
WELL_2,131,shale
WELL_2,132,shale
WELL_2,133,shale
WELL_2,134,shale
WELL_2,135,shale
WELL_2,136,shale
WELL_2,137,shale
WELL_2,138,shale
WELL_2,139,shale
WELL_2,140,shale
WELL_2,141,shale
WELL_2,142,shale
WELL_2,143,shale
WELL_2,144,shale
WELL_2,145,limestone
WELL_2,146,shale
WELL_2,147,shale
WELL_2,148,shale
WELL_2,149,shale
WELL_2,150,shale
WELL_2,151,shale
WELL_2,152,shale
WELL_2,153,shale
WELL_2,154,shale
WELL_2,155,shale
WELL_2,156,shale
WELL_2,157,shale
WELL_2,158,shale
WELL_2,159,shale
WELL_2,160,limestone
WELL_2,161,limestone
WELL_2,162,limestone
WELL_2,163,limestone
WELL_2,164,limestone
WELL_2,165,limestone
WELL_2,166,limestone
WELL_2,167,limestone
WELL_2,168,limestone
WELL_2,169,limestone
WELL_2,170,limestone
WELL_2,171,limestone
WELL_2,172,limestone
WELL_2,173,limestone
WELL_2,174,limestone
WELL_2,175,limestone
WELL_2,176,limestone
WELL_2,177,limestone
WELL_2,178,limestone
WELL_2,179,limestone
WELL_2,180,limestone
WELL_2,181,limestone
WELL_2,182,limestone
WELL_2,183,limestone
WELL_2,184,limestone
WELL_2,185,limestone
WELL_2,186,limestone
WELL_2,187,limestone
WELL_2,188,limestone
WELL_2,189,limestone
WELL_2,190,limestone
WELL_2,191,limestone
WELL_2,192,sandstone
WELL_2,193,limestone
WELL_2,194,limestone
WELL_2,195,limestone
WELL_2,196,limestone
WELL_2,197,limestone
WELL_2,198,limestone
WELL_2,199,limestone
WELL_2,200,limestone
WELL_2,201,limestone
WELL_2,202,limestone
WELL_2,203,limestone
WELL_2,204,limestone
WELL_2,205,limestone
WELL_2,206,limestone
WELL_2,207,limestone
WELL_2,208,limestone
WELL_2,209,limestone
WELL_2,210,limestone
WELL_2,211,limestone
WELL_2,212,limestone
WELL_2,213,limestone
WELL_2,214,limestone
WELL_2,215,limestone
WELL_2,216,limestone
WELL_2,217,limestone
WELL_2,218,limestone
WELL_2,219,limestone
WELL_2,220,limestone
WELL_2,221,limestone
WELL_2,222,limestone
WELL_2,223,limestone
WELL_2,224,limestone
WELL_2,225,limestone
WELL_2,226,limestone
WELL_2,227,limestone
WELL_2,228,limestone
WELL_2,229,limestone
WELL_2,230,limestone
WELL_2,231,limestone
WELL_2,232,limestone
WELL_2,233,limestone
WELL_2,234,limestone
WELL_2,235,limestone
WELL_2,236,limestone
WELL_2,237,limestone
WELL_2,238,limestone
WELL_2,239,limestone
WELL_2,240,limestone
WELL_2,241,limestone
WELL_2,242,limestone
WELL_2,243,limestone
WELL_2,244,limestone
WELL_2,245,limestone
WELL_2,246,limestone
WELL_2,247,limestone
WELL_2,248,limestone
WELL_2,249,limestone
WELL_20,5,sandstone
WELL_20,6,sandstone
WELL_20,7,sandstone
WELL_20,8,sandstone
WELL_20,9,sandstone
WELL_20,10,sandstone
WELL_20,11,sandstone
WELL_20,12,sandstone
WELL_20,13,sandstone
WELL_20,14,sandstone
WELL_20,15,sandstone
WELL_20,16,sandstone
WELL_20,17,sandstone
WELL_20,18,sandstone
WELL_20,19,sandstone
WELL_20,20,sandstone
WELL_20,21,sandstone
WELL_20,22,sandstone
WELL_20,23,sandstone
WELL_20,24,sandstone
WELL_20,25,sandstone
WELL_20,26,sandstone
WELL_20,27,sandstone
WELL_20,28,sandstone
WELL_20,29,sandstone
WELL_20,30,sandstone
WELL_20,31,sandstone
WELL_20,32,sandstone
WELL_20,33,sandstone
WELL_20,34,sandstone
WELL_20,35,sandstone
WELL_20,36,sandstone
WELL_20,37,limestone
WELL_20,38,sandstone
WELL_20,39,limestone
WELL_20,40,sandstone
WELL_20,41,sandstone
WELL_20,42,sandstone
WELL_20,43,sandstone
WELL_20,44,sandstone
WELL_20,45,sandstone
WELL_20,46,sandstone
WELL_20,47,sandstone
WELL_20,48,sandstone
WELL_20,49,sandstone
WELL_20,50,sandstone
WELL_20,51,sandstone
WELL_20,52,sandstone
WELL_20,53,sandstone
WELL_20,54,sandstone
WELL_20,55,sandstone
WELL_20,56,sandstone
WELL_20,57,sandstone
WELL_20,58,limestone
WELL_20,59,sandstone
WELL_20,60,sandstone
WELL_20,61,sandstone
WELL_20,62,sandstone
WELL_20,63,sandstone
WELL_20,64,sandstone
WELL_20,65,sandstone
WELL_20,66,sandstone
WELL_20,67,sandstone
WELL_20,68,sandstone
WELL_20,69,sandstone
WELL_20,70,sandstone
WELL_20,71,sandstone
WELL_20,72,sandstone
WELL_20,73,sandstone
WELL_20,74,sandstone
WELL_20,75,sandstone
WELL_20,76,sandstone
WELL_20,77,sandstone
WELL_20,78,sandstone
WELL_20,79,sandstone
WELL_20,80,shale
WELL_20,81,shale
WELL_20,82,shale
WELL_20,83,shale
WELL_20,84,shale
WELL_20,85,shale
WELL_20,86,shale
WELL_20,87,shale
WELL_20,88,shale
WELL_20,89,shale
WELL_20,90,shale
WELL_20,91,shale
WELL_20,92,shale
WELL_20,93,limestone
WELL_20,94,shale
WELL_20,95,shale
WELL_20,96,shale
WELL_20,97,shale
WELL_20,98,shale
WELL_20,99,shale
WELL_20,100,limestone
WELL_20,101,shale
WELL_20,102,shale
WELL_20,103,shale
WELL_20,104,shale
WELL_20,105,shale
WELL_20,106,shale
WELL_20,107,shale
WELL_20,108,shale
WELL_20,109,sandstone
WELL_20,110,shale
WELL_20,111,shale
WELL_20,112,shale
WELL_20,113,limestone
WELL_20,114,shale
WELL_20,115,shale
WELL_20,116,shale
WELL_20,117,shale
WELL_20,118,shale
WELL_20,119,shale
WELL_20,120,shale
WELL_20,121,shale
WELL_20,122,shale
WELL_20,123,shale
WELL_20,124,shale
WELL_20,125,shale
WELL_20,126,shale
WELL_20,127,shale
WELL_20,128,shale
WELL_20,129,shale
WELL_20,130,shale
WELL_20,131,shale
WELL_20,132,shale
WELL_20,133,shale
WELL_20,134,shale
WELL_20,135,shale
WELL_20,136,shale
WELL_20,137,shale
WELL_20,138,shale
WELL_20,139,shale
WELL_20,140,shale
WELL_20,141,shale
WELL_20,142,shale
WELL_20,143,shale
WELL_20,144,shale
WELL_20,145,shale
WELL_20,146,shale
WELL_20,147,shale
WELL_20,148,shale
WELL_20,149,limestone
WELL_20,150,shale
WELL_20,151,shale
WELL_20,152,shale
WELL_20,153,limestone
WELL_20,154,limestone
WELL_20,155,shale
WELL_20,156,limestone
WELL_20,157,shale
WELL_20,158,shale
WELL_20,159,shale
WELL_20,160,limestone
WELL_20,161,limestone
WELL_20,162,limestone
WELL_20,163,limestone
WELL_20,164,limestone
WELL_20,165,limestone
WELL_20,166,limestone
WELL_20,167,limestone
WELL_20,168,limestone
WELL_20,169,limestone
WELL_20,170,shale
WELL_20,171,limestone
WELL_20,172,limestone
WELL_20,173,limestone
WELL_20,174,limestone
WELL_20,175,limestone
WELL_20,176,limestone
WELL_20,177,limestone
WELL_20,178,limestone
WELL_20,179,limestone
WELL_20,180,limestone
WELL_20,181,limestone
WELL_20,182,limestone
WELL_20,183,limestone
WELL_20,184,limestone
WELL_20,185,limestone
WELL_20,186,limestone
WELL_20,187,limestone
WELL_20,188,limestone
WELL_20,189,limestone
WELL_20,190,limestone
WELL_20,191,limestone
WELL_20,192,shale
WELL_20,193,sandstone
WELL_20,194,limestone
WELL_20,195,limestone
WELL_20,196,limestone
WELL_20,197,limestone
WELL_20,198,limestone
WELL_20,199,limestone
WELL_20,200,limestone
WELL_20,201,limestone
WELL_20,202,limestone
WELL_20,203,limestone
WELL_20,204,limestone
WELL_20,205,limestone
WELL_20,206,limestone
WELL_20,207,limestone
WELL_20,208,limestone
WELL_20,209,limestone
WELL_20,210,limestone
WELL_20,211,limestone
WELL_20,212,shale
WELL_20,213,limestone
WELL_20,214,limestone
WELL_20,215,limestone
WELL_20,216,limestone
WELL_20,217,limestone
WELL_20,218,limestone
WELL_20,219,limestone
WELL_20,220,limestone
WELL_20,221,limestone
WELL_20,222,limestone
WELL_20,223,limestone
WELL_20,224,limestone
WELL_20,225,limestone
WELL_20,226,limestone
WELL_20,227,sandstone
WELL_20,228,limestone
WELL_20,229,limestone
WELL_20,230,limestone
WELL_20,231,limestone
WELL_20,232,limestone
WELL_20,233,limestone
WELL_20,234,limestone
WELL_20,235,limestone
WELL_20,236,limestone
WELL_20,237,limestone
WELL_20,238,limestone
WELL_20,239,limestone
WELL_20,240,limestone
WELL_20,241,limestone
WELL_20,242,limestone
WELL_20,243,limestone
WELL_20,244,limestone
WELL_20,245,limestone
WELL_20,246,limestone
WELL_20,247,limestone
WELL_20,248,limestone
WELL_20,249,shale
WELL_21,5,sandstone
WELL_21,6,sandstone
WELL_21,7,sandstone
WELL_21,8,sandstone
WELL_21,9,sandstone
WELL_21,10,sandstone
WELL_21,11,sandstone
WELL_21,12,sandstone
WELL_21,13,sandstone
WELL_21,14,sandstone
WELL_21,15,sandstone
WELL_21,16,sandstone
WELL_21,17,sandstone
WELL_21,18,sandstone
WELL_21,19,sandstone
WELL_21,20,sandstone
WELL_21,21,sandstone
WELL_21,22,sandstone
WELL_21,23,sandstone
WELL_21,24,sandstone
WELL_21,25,sandstone
WELL_21,26,sandstone
WELL_21,27,sandstone
WELL_21,28,sandstone
WELL_21,29,sandstone
WELL_21,30,sandstone
WELL_21,31,sandstone
WELL_21,32,sandstone
WELL_21,33,sandstone
WELL_21,34,sandstone
WELL_21,35,sandstone
WELL_21,36,sandstone
WELL_21,37,sandstone
WELL_21,38,sandstone
WELL_21,39,shale
WELL_21,40,sandstone
WELL_21,41,sandstone
WELL_21,42,sandstone
WELL_21,43,sandstone
WELL_21,44,sandstone
WELL_21,45,sandstone
WELL_21,46,sandstone
WELL_21,47,sandstone
WELL_21,48,sandstone
WELL_21,49,sandstone
WELL_21,50,sandstone
WELL_21,51,sandstone
WELL_21,52,sandstone
WELL_21,53,sandstone
WELL_21,54,sandstone
WELL_21,55,sandstone
WELL_21,56,sandstone
WELL_21,57,sandstone
WELL_21,58,sandstone
WELL_21,59,sandstone
WELL_21,60,sandstone
WELL_21,61,sandstone
WELL_21,62,sandstone
WELL_21,63,sandstone
WELL_21,64,sandstone
WELL_21,65,sandstone
WELL_21,66,sandstone
WELL_21,67,sandstone
WELL_21,68,sandstone
WELL_21,69,sandstone
WELL_21,70,sandstone
WELL_21,71,sandstone
WELL_21,72,sandstone
WELL_21,73,sandstone
WELL_21,74,sandstone
WELL_21,75,sandstone
WELL_21,76,limestone
WELL_21,77,sandstone
WELL_21,78,sandstone
WELL_21,79,sandstone
WELL_21,80,shale
WELL_21,81,shale
WELL_21,82,sandstone
WELL_21,83,shale
WELL_21,84,shale
WELL_21,85,shale
WELL_21,86,shale
WELL_21,87,shale
WELL_21,88,shale
WELL_21,89,shale
WELL_21,90,shale
WELL_21,91,shale
WELL_21,92,shale
WELL_21,93,shale
WELL_21,94,shale
WELL_21,95,shale
WELL_21,96,shale
WELL_21,97,sandstone
WELL_21,98,shale
WELL_21,99,shale
WELL_21,100,shale
WELL_21,101,shale
WELL_21,102,shale
WELL_21,103,shale
WELL_21,104,shale
WELL_21,105,shale
WELL_21,106,shale
WELL_21,107,limestone
WELL_21,108,shale
WELL_21,109,shale
WELL_21,110,shale
WELL_21,111,shale
WELL_21,112,shale
WELL_21,113,shale
WELL_21,114,shale
WELL_21,115,shale
WELL_21,116,shale
WELL_21,117,shale
WELL_21,118,shale
WELL_21,119,limestone
WELL_21,120,shale
WELL_21,121,shale
WELL_21,122,shale
WELL_21,123,shale
WELL_21,124,shale
WELL_21,125,shale
WELL_21,126,shale
WELL_21,127,limestone
WELL_21,128,shale
WELL_21,129,shale
WELL_21,130,shale
WELL_21,131,shale
WELL_21,132,shale
WELL_21,133,shale
WELL_21,134,shale
WELL_21,135,shale
WELL_21,136,shale
WELL_21,137,shale
WELL_21,138,shale
WELL_21,139,shale
WELL_21,140,shale
WELL_21,141,shale
WELL_21,142,shale
WELL_21,143,shale
WELL_21,144,shale
WELL_21,145,shale
WELL_21,146,shale
WELL_21,147,shale
WELL_21,148,shale
WELL_21,149,shale
WELL_21,150,shale
WELL_21,151,shale
WELL_21,152,shale
WELL_21,153,shale
WELL_21,154,shale
WELL_21,155,limestone
WELL_21,156,shale
WELL_21,157,shale
WELL_21,158,shale
WELL_21,159,shale
WELL_21,160,limestone
WELL_21,161,limestone
WELL_21,162,limestone
WELL_21,163,limestone
WELL_21,164,limestone
WELL_21,165,limestone
WELL_21,166,shale
WELL_21,167,limestone
WELL_21,168,limestone
WELL_21,169,limestone
WELL_21,170,limestone
WELL_21,171,limestone
WELL_21,172,limestone
WELL_21,173,limestone
WELL_21,174,limestone
WELL_21,175,shale
WELL_21,176,limestone
WELL_21,177,limestone
WELL_21,178,limestone
WELL_21,179,limestone
WELL_21,180,limestone
WELL_21,181,limestone
WELL_21,182,limestone
WELL_21,183,limestone
WELL_21,184,limestone
WELL_21,185,limestone
WELL_21,186,limestone
WELL_21,187,limestone
WELL_21,188,limestone
WELL_21,189,limestone
WELL_21,190,limestone
WELL_21,191,limestone
WELL_21,192,limestone
WELL_21,193,limestone
WELL_21,194,limestone
WELL_21,195,limestone
WELL_21,196,limestone
WELL_21,197,limestone
WELL_21,198,sandstone
WELL_21,199,limestone
WELL_21,200,limestone
WELL_21,201,sandstone
WELL_21,202,limestone
WELL_21,203,limestone
WELL_21,204,limestone
WELL_21,205,limestone
WELL_21,206,limestone
WELL_21,207,limestone
WELL_21,208,limestone
WELL_21,209,limestone
WELL_21,210,limestone
WELL_21,211,limestone
WELL_21,212,limestone
WELL_21,213,limestone
WELL_21,214,limestone
WELL_21,215,sandstone
WELL_21,216,limestone
WELL_21,217,limestone
WELL_21,218,limestone
WELL_21,219,limestone
WELL_21,220,limestone
WELL_21,221,limestone
WELL_21,222,limestone
WELL_21,223,limestone
WELL_21,224,limestone
WELL_21,225,limestone
WELL_21,226,limestone
WELL_21,227,limestone
WELL_21,228,limestone
WELL_21,229,limestone
WELL_21,230,limestone
WELL_21,231,limestone
WELL_21,232,limestone
WELL_21,233,limestone
WELL_21,234,sandstone
WELL_21,235,sandstone
WELL_21,236,limestone
WELL_21,237,limestone
WELL_21,238,limestone
WELL_21,239,limestone
WELL_21,240,limestone
WELL_21,241,limestone
WELL_21,242,limestone
WELL_21,243,limestone
WELL_21,244,limestone
WELL_21,245,limestone
WELL_21,246,limestone
WELL_21,247,limestone
WELL_21,248,limestone
WELL_21,249,limestone
WELL_22,5,sandstone
WELL_22,6,sandstone
WELL_22,7,sandstone
WELL_22,8,sandstone
WELL_22,9,sandstone
WELL_22,10,sandstone
WELL_22,11,sandstone
WELL_22,12,sandstone
WELL_22,13,sandstone
WELL_22,14,sandstone
WELL_22,15,shale
WELL_22,16,sandstone
WELL_22,17,sandstone
WELL_22,18,sandstone
WELL_22,19,shale
WELL_22,20,sandstone
WELL_22,21,sandstone
WELL_22,22,sandstone
WELL_22,23,sandstone
WELL_22,24,sandstone
WELL_22,25,sandstone
WELL_22,26,sandstone
WELL_22,27,sandstone
WELL_22,28,sandstone
WELL_22,29,sandstone
WELL_22,30,sandstone
WELL_22,31,sandstone
WELL_22,32,sandstone
WELL_22,33,sandstone
WELL_22,34,sandstone
WELL_22,35,sandstone
WELL_22,36,sandstone
WELL_22,37,sandstone
WELL_22,38,sandstone
WELL_22,39,sandstone
WELL_22,40,sandstone
WELL_22,41,sandstone
WELL_22,42,sandstone
WELL_22,43,sandstone
WELL_22,44,sandstone
WELL_22,45,sandstone
WELL_22,46,sandstone
WELL_22,47,limestone
WELL_22,48,sandstone
WELL_22,49,sandstone
WELL_22,50,sandstone
WELL_22,51,sandstone
WELL_22,52,sandstone
WELL_22,53,sandstone
WELL_22,54,sandstone
WELL_22,55,sandstone
WELL_22,56,sandstone
WELL_22,57,sandstone
WELL_22,58,sandstone
WELL_22,59,sandstone
WELL_22,60,sandstone
WELL_22,61,sandstone
WELL_22,62,sandstone
WELL_22,63,sandstone
WELL_22,64,sandstone
WELL_22,65,limestone
WELL_22,66,sandstone
WELL_22,67,limestone
WELL_22,68,sandstone
WELL_22,69,sandstone
WELL_22,70,sandstone
WELL_22,71,sandstone
WELL_22,72,sandstone
WELL_22,73,sandstone
WELL_22,74,sandstone
WELL_22,75,sandstone
WELL_22,76,sandstone
WELL_22,77,sandstone
WELL_22,78,sandstone
WELL_22,79,sandstone
WELL_22,80,shale
WELL_22,81,shale
WELL_22,82,shale
WELL_22,83,shale
WELL_22,84,shale
WELL_22,85,shale
WELL_22,86,shale
WELL_22,87,shale
WELL_22,88,shale
WELL_22,89,shale
WELL_22,90,shale
WELL_22,91,shale
WELL_22,92,shale
WELL_22,93,shale
WELL_22,94,limestone
WELL_22,95,shale
WELL_22,96,shale
WELL_22,97,shale
WELL_22,98,shale
WELL_22,99,shale
WELL_22,100,shale
WELL_22,101,shale
WELL_22,102,shale
WELL_22,103,shale
WELL_22,104,shale
WELL_22,105,shale
WELL_22,106,shale
WELL_22,107,shale
WELL_22,108,shale
WELL_22,109,shale
WELL_22,110,limestone
WELL_22,111,shale
WELL_22,112,shale
WELL_22,113,shale
WELL_22,114,shale
WELL_22,115,shale
WELL_22,116,shale
WELL_22,117,shale
WELL_22,118,shale
WELL_22,119,shale
WELL_22,120,shale
WELL_22,121,shale
WELL_22,122,shale
WELL_22,123,shale
WELL_22,124,shale
WELL_22,125,shale
WELL_22,126,shale
WELL_22,127,shale
WELL_22,128,shale
WELL_22,129,shale
WELL_22,130,shale
WELL_22,131,limestone
WELL_22,132,shale
WELL_22,133,shale
WELL_22,134,shale
WELL_22,135,shale
WELL_22,136,shale
WELL_22,137,shale
WELL_22,138,shale
WELL_22,139,shale
WELL_22,140,shale
WELL_22,141,shale
WELL_22,142,shale
WELL_22,143,shale
WELL_22,144,shale
WELL_22,145,shale
WELL_22,146,shale
WELL_22,147,limestone
WELL_22,148,shale
WELL_22,149,shale
WELL_22,150,shale
WELL_22,151,shale
WELL_22,152,shale
WELL_22,153,shale
WELL_22,154,shale
WELL_22,155,shale
WELL_22,156,limestone
WELL_22,157,shale
WELL_22,158,shale
WELL_22,159,shale
WELL_22,160,limestone
WELL_22,161,limestone
WELL_22,162,limestone
WELL_22,163,limestone
WELL_22,164,limestone
WELL_22,165,limestone
WELL_22,166,limestone
WELL_22,167,limestone
WELL_22,168,limestone
WELL_22,169,limestone
WELL_22,170,limestone
WELL_22,171,limestone
WELL_22,172,limestone
WELL_22,173,limestone
WELL_22,174,limestone
WELL_22,175,limestone
WELL_22,176,limestone
WELL_22,177,limestone
WELL_22,178,limestone
WELL_22,179,limestone
WELL_22,180,limestone
WELL_22,181,limestone
WELL_22,182,limestone
WELL_22,183,limestone
WELL_22,184,limestone
WELL_22,185,limestone
WELL_22,186,limestone
WELL_22,187,limestone
WELL_22,188,limestone
WELL_22,189,limestone
WELL_22,190,limestone
WELL_22,191,limestone
WELL_22,192,limestone
WELL_22,193,limestone
WELL_22,194,limestone
WELL_22,195,limestone
WELL_22,196,shale
WELL_22,197,limestone
WELL_22,198,limestone
WELL_22,199,limestone
WELL_22,200,limestone
WELL_22,201,limestone
WELL_22,202,limestone
WELL_22,203,limestone
WELL_22,204,limestone
WELL_22,205,limestone
WELL_22,206,limestone
WELL_22,207,limestone
WELL_22,208,limestone
WELL_22,209,limestone
WELL_22,210,limestone
WELL_22,211,limestone
WELL_22,212,limestone
WELL_22,213,limestone
WELL_22,214,limestone
WELL_22,215,limestone
WELL_22,216,sandstone
WELL_22,217,limestone
WELL_22,218,limestone
WELL_22,219,limestone
WELL_22,220,limestone
WELL_22,221,limestone
WELL_22,222,limestone
WELL_22,223,limestone
WELL_22,224,sandstone
WELL_22,225,limestone
WELL_22,226,limestone
WELL_22,227,limestone
WELL_22,228,limestone
WELL_22,229,limestone
WELL_22,230,limestone
WELL_22,231,shale
WELL_22,232,limestone
WELL_22,233,limestone
WELL_22,234,limestone
WELL_22,235,limestone
WELL_22,236,limestone
WELL_22,237,limestone
WELL_22,238,limestone
WELL_22,239,limestone
WELL_22,240,limestone
WELL_22,241,limestone
WELL_22,242,limestone
WELL_22,243,limestone
WELL_22,244,limestone
WELL_22,245,limestone
WELL_22,246,limestone
WELL_22,247,limestone
WELL_22,248,limestone
WELL_22,249,limestone
WELL_23,5,sandstone
WELL_23,6,sandstone
WELL_23,7,sandstone
WELL_23,8,sandstone
WELL_23,9,sandstone
WELL_23,10,sandstone
WELL_23,11,sandstone
WELL_23,12,shale
WELL_23,13,sandstone
WELL_23,14,sandstone
WELL_23,15,sandstone
WELL_23,16,sandstone
WELL_23,17,sandstone
WELL_23,18,sandstone
WELL_23,19,sandstone
WELL_23,20,sandstone
WELL_23,21,sandstone
WELL_23,22,sandstone
WELL_23,23,sandstone
WELL_23,24,sandstone
WELL_23,25,sandstone
WELL_23,26,sandstone
WELL_23,27,sandstone
WELL_23,28,sandstone
WELL_23,29,sandstone
WELL_23,30,sandstone
WELL_23,31,sandstone
WELL_23,32,sandstone
WELL_23,33,sandstone
WELL_23,34,sandstone
WELL_23,35,sandstone
WELL_23,36,sandstone
WELL_23,37,sandstone
WELL_23,38,sandstone
WELL_23,39,sandstone
WELL_23,40,sandstone
WELL_23,41,shale
WELL_23,42,sandstone
WELL_23,43,sandstone
WELL_23,44,sandstone
WELL_23,45,sandstone
WELL_23,46,sandstone
WELL_23,47,sandstone
WELL_23,48,sandstone
WELL_23,49,sandstone
WELL_23,50,sandstone
WELL_23,51,sandstone
WELL_23,52,sandstone
WELL_23,53,sandstone
WELL_23,54,sandstone
WELL_23,55,sandstone
WELL_23,56,sandstone
WELL_23,57,sandstone
WELL_23,58,sandstone
WELL_23,59,sandstone
WELL_23,60,sandstone
WELL_23,61,sandstone
WELL_23,62,sandstone
WELL_23,63,sandstone
WELL_23,64,sandstone
WELL_23,65,sandstone
WELL_23,66,sandstone
WELL_23,67,sandstone
WELL_23,68,sandstone
WELL_23,69,sandstone
WELL_23,70,sandstone
WELL_23,71,sandstone
WELL_23,72,shale
WELL_23,73,limestone
WELL_23,74,sandstone
WELL_23,75,sandstone
WELL_23,76,sandstone
WELL_23,77,sandstone
WELL_23,78,sandstone
WELL_23,79,sandstone
WELL_23,80,limestone
WELL_23,81,shale
WELL_23,82,shale
WELL_23,83,shale
WELL_23,84,shale
WELL_23,85,limestone
WELL_23,86,shale
WELL_23,87,shale
WELL_23,88,sandstone
WELL_23,89,shale
WELL_23,90,shale
WELL_23,91,shale
WELL_23,92,shale
WELL_23,93,shale
WELL_23,94,shale
WELL_23,95,shale
WELL_23,96,sandstone
WELL_23,97,shale
WELL_23,98,sandstone
WELL_23,99,shale
WELL_23,100,shale
WELL_23,101,shale
WELL_23,102,shale
WELL_23,103,shale
WELL_23,104,shale
WELL_23,105,shale
WELL_23,106,sandstone
WELL_23,107,shale
WELL_23,108,shale
WELL_23,109,shale
WELL_23,110,shale
WELL_23,111,shale
WELL_23,112,shale
WELL_23,113,shale
WELL_23,114,shale
WELL_23,115,shale
WELL_23,116,shale
WELL_23,117,shale
WELL_23,118,shale
WELL_23,119,shale
WELL_23,120,shale
WELL_23,121,limestone
WELL_23,122,shale
WELL_23,123,shale
WELL_23,124,shale
WELL_23,125,shale
WELL_23,126,shale
WELL_23,127,shale
WELL_23,128,shale
WELL_23,129,shale
WELL_23,130,shale
WELL_23,131,shale
WELL_23,132,shale
WELL_23,133,shale
WELL_23,134,shale
WELL_23,135,shale
WELL_23,136,shale
WELL_23,137,shale
WELL_23,138,shale
WELL_23,139,shale
WELL_23,140,shale
WELL_23,141,shale
WELL_23,142,shale
WELL_23,143,shale
WELL_23,144,shale
WELL_23,145,shale
WELL_23,146,shale
WELL_23,147,shale
WELL_23,148,shale
WELL_23,149,shale
WELL_23,150,shale
WELL_23,151,shale
WELL_23,152,shale
WELL_23,153,shale
WELL_23,154,shale
WELL_23,155,shale
WELL_23,156,shale
WELL_23,157,shale
WELL_23,158,shale
WELL_23,159,shale
WELL_23,160,limestone
WELL_23,161,limestone
WELL_23,162,limestone
WELL_23,163,limestone
WELL_23,164,sandstone
WELL_23,165,limestone
WELL_23,166,limestone
WELL_23,167,limestone
WELL_23,168,limestone
WELL_23,169,limestone
WELL_23,170,limestone
WELL_23,171,limestone
WELL_23,172,limestone
WELL_23,173,limestone
WELL_23,174,limestone
WELL_23,175,limestone
WELL_23,176,limestone
WELL_23,177,limestone
WELL_23,178,limestone
WELL_23,179,limestone
WELL_23,180,limestone
WELL_23,181,limestone
WELL_23,182,limestone
WELL_23,183,limestone
WELL_23,184,limestone
WELL_23,185,limestone
WELL_23,186,limestone
WELL_23,187,sandstone
WELL_23,188,limestone
WELL_23,189,limestone
WELL_23,190,limestone
WELL_23,191,limestone
WELL_23,192,limestone
WELL_23,193,limestone
WELL_23,194,limestone
WELL_23,195,limestone
WELL_23,196,limestone
WELL_23,197,limestone
WELL_23,198,limestone
WELL_23,199,limestone
WELL_23,200,limestone
WELL_23,201,limestone
WELL_23,202,limestone
WELL_23,203,limestone
WELL_23,204,limestone
WELL_23,205,limestone
WELL_23,206,limestone
WELL_23,207,limestone
WELL_23,208,limestone
WELL_23,209,limestone
WELL_23,210,limestone
WELL_23,211,limestone
WELL_23,212,limestone
WELL_23,213,limestone
WELL_23,214,limestone
WELL_23,215,limestone
WELL_23,216,limestone
WELL_23,217,limestone
WELL_23,218,shale
WELL_23,219,limestone
WELL_23,220,shale
WELL_23,221,limestone
WELL_23,222,limestone
WELL_23,223,limestone
WELL_23,224,limestone
WELL_23,225,limestone
WELL_23,226,limestone
WELL_23,227,limestone
WELL_23,228,limestone
WELL_23,229,limestone
WELL_23,230,limestone
WELL_23,231,limestone
WELL_23,232,limestone
WELL_23,233,limestone
WELL_23,234,limestone
WELL_23,235,limestone
WELL_23,236,limestone
WELL_23,237,limestone
WELL_23,238,limestone
WELL_23,239,limestone
WELL_23,240,limestone
WELL_23,241,limestone
WELL_23,242,limestone
WELL_23,243,limestone
WELL_23,244,limestone
WELL_23,245,limestone
WELL_23,246,shale
WELL_23,247,limestone
WELL_23,248,limestone
WELL_23,249,limestone
WELL_24,5,sandstone
WELL_24,6,sandstone
WELL_24,7,shale
WELL_24,8,sandstone
WELL_24,9,sandstone
WELL_24,10,sandstone
WELL_24,11,limestone
WELL_24,12,sandstone
WELL_24,13,sandstone
WELL_24,14,sandstone
WELL_24,15,sandstone
WELL_24,16,sandstone
WELL_24,17,sandstone
WELL_24,18,sandstone
WELL_24,19,sandstone
WELL_24,20,sandstone
WELL_24,21,sandstone
WELL_24,22,sandstone
WELL_24,23,sandstone
WELL_24,24,sandstone
WELL_24,25,sandstone
WELL_24,26,sandstone
WELL_24,27,sandstone
WELL_24,28,sandstone
WELL_24,29,sandstone
WELL_24,30,sandstone
WELL_24,31,sandstone
WELL_24,32,sandstone
WELL_24,33,sandstone
WELL_24,34,sandstone
WELL_24,35,sandstone
WELL_24,36,sandstone
WELL_24,37,sandstone
WELL_24,38,sandstone
WELL_24,39,sandstone
WELL_24,40,sandstone
WELL_24,41,limestone
WELL_24,42,shale
WELL_24,43,sandstone
WELL_24,44,sandstone
WELL_24,45,sandstone
WELL_24,46,sandstone
WELL_24,47,sandstone
WELL_24,48,sandstone
WELL_24,49,sandstone
WELL_24,50,sandstone
WELL_24,51,sandstone
WELL_24,52,sandstone
WELL_24,53,sandstone
WELL_24,54,sandstone
WELL_24,55,sandstone
WELL_24,56,sandstone
WELL_24,57,sandstone
WELL_24,58,sandstone
WELL_24,59,sandstone
WELL_24,60,sandstone
WELL_24,61,sandstone
WELL_24,62,shale
WELL_24,63,sandstone
WELL_24,64,sandstone
WELL_24,65,sandstone
WELL_24,66,sandstone
WELL_24,67,sandstone
WELL_24,68,sandstone
WELL_24,69,sandstone
WELL_24,70,sandstone
WELL_24,71,sandstone
WELL_24,72,sandstone
WELL_24,73,sandstone
WELL_24,74,sandstone
WELL_24,75,sandstone
WELL_24,76,sandstone
WELL_24,77,sandstone
WELL_24,78,sandstone
WELL_24,79,sandstone
WELL_24,80,shale
WELL_24,81,shale
WELL_24,82,limestone
WELL_24,83,shale
WELL_24,84,shale
WELL_24,85,shale
WELL_24,86,shale
WELL_24,87,sandstone
WELL_24,88,shale
WELL_24,89,shale
WELL_24,90,shale
WELL_24,91,shale
WELL_24,92,shale
WELL_24,93,shale
WELL_24,94,shale
WELL_24,95,shale
WELL_24,96,shale
WELL_24,97,shale
WELL_24,98,shale
WELL_24,99,shale
WELL_24,100,shale
WELL_24,101,shale
WELL_24,102,shale
WELL_24,103,shale
WELL_24,104,shale
WELL_24,105,shale
WELL_24,106,limestone
WELL_24,107,limestone
WELL_24,108,shale
WELL_24,109,limestone
WELL_24,110,shale
WELL_24,111,shale
WELL_24,112,limestone
WELL_24,113,shale
WELL_24,114,sandstone
WELL_24,115,shale
WELL_24,116,shale
WELL_24,117,limestone
WELL_24,118,shale
WELL_24,119,shale
WELL_24,120,shale
WELL_24,121,shale
WELL_24,122,shale
WELL_24,123,shale
WELL_24,124,shale
WELL_24,125,shale
WELL_24,126,shale
WELL_24,127,shale
WELL_24,128,shale
WELL_24,129,limestone
WELL_24,130,shale
WELL_24,131,shale
WELL_24,132,shale
WELL_24,133,shale
WELL_24,134,limestone
WELL_24,135,shale
WELL_24,136,shale
WELL_24,137,shale
WELL_24,138,shale
WELL_24,139,shale
WELL_24,140,shale
WELL_24,141,shale
WELL_24,142,shale
WELL_24,143,shale
WELL_24,144,shale
WELL_24,145,shale
WELL_24,146,shale
WELL_24,147,shale
WELL_24,148,shale
WELL_24,149,shale
WELL_24,150,shale
WELL_24,151,shale
WELL_24,152,shale
WELL_24,153,shale
WELL_24,154,shale
WELL_24,155,shale
WELL_24,156,shale
WELL_24,157,shale
WELL_24,158,shale
WELL_24,159,shale
WELL_24,160,limestone
WELL_24,161,limestone
WELL_24,162,limestone
WELL_24,163,limestone
WELL_24,164,limestone
WELL_24,165,limestone
WELL_24,166,limestone
WELL_24,167,limestone
WELL_24,168,limestone
WELL_24,169,limestone
WELL_24,170,limestone
WELL_24,171,limestone
WELL_24,172,limestone
WELL_24,173,limestone
WELL_24,174,limestone
WELL_24,175,limestone
WELL_24,176,limestone
WELL_24,177,limestone
WELL_24,178,limestone
WELL_24,179,limestone
WELL_24,180,limestone
WELL_24,181,limestone
WELL_24,182,limestone
WELL_24,183,limestone
WELL_24,184,limestone
WELL_24,185,limestone
WELL_24,186,sandstone
WELL_24,187,limestone
WELL_24,188,limestone
WELL_24,189,limestone
WELL_24,190,limestone
WELL_24,191,limestone
WELL_24,192,limestone
WELL_24,193,limestone
WELL_24,194,limestone
WELL_24,195,limestone
WELL_24,196,limestone
WELL_24,197,limestone
WELL_24,198,limestone
WELL_24,199,limestone
WELL_24,200,limestone
WELL_24,201,limestone
WELL_24,202,limestone
WELL_24,203,limestone
WELL_24,204,shale
WELL_24,205,limestone
WELL_24,206,limestone
WELL_24,207,limestone
WELL_24,208,limestone
WELL_24,209,limestone
WELL_24,210,shale
WELL_24,211,limestone
WELL_24,212,limestone
WELL_24,213,limestone
WELL_24,214,sandstone
WELL_24,215,limestone
WELL_24,216,limestone
WELL_24,217,limestone
WELL_24,218,limestone
WELL_24,219,limestone
WELL_24,220,limestone
WELL_24,221,limestone
WELL_24,222,limestone
WELL_24,223,limestone
WELL_24,224,shale
WELL_24,225,limestone
WELL_24,226,limestone
WELL_24,227,limestone
WELL_24,228,limestone
WELL_24,229,limestone
WELL_24,230,limestone
WELL_24,231,limestone
WELL_24,232,limestone
WELL_24,233,limestone
WELL_24,234,limestone
WELL_24,235,limestone
WELL_24,236,limestone
WELL_24,237,limestone
WELL_24,238,limestone
WELL_24,239,limestone
WELL_24,240,limestone
WELL_24,241,limestone
WELL_24,242,limestone
WELL_24,243,limestone
WELL_24,244,limestone
WELL_24,245,limestone
WELL_24,246,limestone
WELL_24,247,limestone
WELL_24,248,limestone
WELL_24,249,limestone
WELL_25,5,sandstone
WELL_25,6,sandstone
WELL_25,7,sandstone
WELL_25,8,sandstone
WELL_25,9,shale
WELL_25,10,sandstone
WELL_25,11,sandstone
WELL_25,12,sandstone
WELL_25,13,sandstone
WELL_25,14,sandstone
WELL_25,15,sandstone
WELL_25,16,sandstone
WELL_25,17,sandstone
WELL_25,18,sandstone
WELL_25,19,sandstone
WELL_25,20,sandstone
WELL_25,21,sandstone
WELL_25,22,sandstone
WELL_25,23,sandstone
WELL_25,24,sandstone
WELL_25,25,sandstone
WELL_25,26,sandstone
WELL_25,27,sandstone
WELL_25,28,sandstone
WELL_25,29,sandstone
WELL_25,30,sandstone
WELL_25,31,sandstone
WELL_25,32,sandstone
WELL_25,33,sandstone
WELL_25,34,sandstone
WELL_25,35,sandstone
WELL_25,36,sandstone
WELL_25,37,sandstone
WELL_25,38,sandstone
WELL_25,39,limestone
WELL_25,40,limestone
WELL_25,41,sandstone
WELL_25,42,sandstone
WELL_25,43,sandstone
WELL_25,44,sandstone
WELL_25,45,shale
WELL_25,46,sandstone
WELL_25,47,sandstone
WELL_25,48,sandstone
WELL_25,49,sandstone
WELL_25,50,sandstone
WELL_25,51,sandstone
WELL_25,52,sandstone
WELL_25,53,sandstone
WELL_25,54,sandstone
WELL_25,55,sandstone
WELL_25,56,sandstone
WELL_25,57,sandstone
WELL_25,58,shale
WELL_25,59,sandstone
WELL_25,60,sandstone
WELL_25,61,sandstone
WELL_25,62,sandstone
WELL_25,63,sandstone
WELL_25,64,sandstone
WELL_25,65,sandstone
WELL_25,66,sandstone
WELL_25,67,sandstone
WELL_25,68,sandstone
WELL_25,69,sandstone
WELL_25,70,sandstone
WELL_25,71,sandstone
WELL_25,72,sandstone
WELL_25,73,limestone
WELL_25,74,sandstone
WELL_25,75,sandstone
WELL_25,76,sandstone
WELL_25,77,sandstone
WELL_25,78,sandstone
WELL_25,79,sandstone
WELL_25,80,shale
WELL_25,81,shale
WELL_25,82,shale
WELL_25,83,shale
WELL_25,84,limestone
WELL_25,85,shale
WELL_25,86,shale
WELL_25,87,shale
WELL_25,88,shale
WELL_25,89,shale
WELL_25,90,shale
WELL_25,91,shale
WELL_25,92,sandstone
WELL_25,93,shale
WELL_25,94,shale
WELL_25,95,shale
WELL_25,96,shale
WELL_25,97,shale
WELL_25,98,shale
WELL_25,99,limestone
WELL_25,100,shale
WELL_25,101,limestone
WELL_25,102,shale
WELL_25,103,shale
WELL_25,104,shale
WELL_25,105,shale
WELL_25,106,sandstone
WELL_25,107,shale
WELL_25,108,shale
WELL_25,109,shale
WELL_25,110,shale
WELL_25,111,shale
WELL_25,112,shale
WELL_25,113,shale
WELL_25,114,shale
WELL_25,115,limestone
WELL_25,116,shale
WELL_25,117,shale
WELL_25,118,shale
WELL_25,119,shale
WELL_25,120,shale
WELL_25,121,shale
WELL_25,122,shale
WELL_25,123,shale
WELL_25,124,shale
WELL_25,125,shale
WELL_25,126,shale
WELL_25,127,shale
WELL_25,128,shale
WELL_25,129,shale
WELL_25,130,shale
WELL_25,131,shale
WELL_25,132,shale
WELL_25,133,shale
WELL_25,134,shale
WELL_25,135,shale
WELL_25,136,shale
WELL_25,137,shale
WELL_25,138,shale
WELL_25,139,sandstone
WELL_25,140,shale
WELL_25,141,shale
WELL_25,142,shale
WELL_25,143,shale
WELL_25,144,shale
WELL_25,145,shale
WELL_25,146,shale
WELL_25,147,shale
WELL_25,148,shale
WELL_25,149,shale
WELL_25,150,shale
WELL_25,151,shale
WELL_25,152,shale
WELL_25,153,shale
WELL_25,154,shale
WELL_25,155,shale
WELL_25,156,shale
WELL_25,157,shale
WELL_25,158,shale
WELL_25,159,shale
WELL_25,160,limestone
WELL_25,161,limestone
WELL_25,162,limestone
WELL_25,163,limestone
WELL_25,164,limestone
WELL_25,165,limestone
WELL_25,166,limestone
WELL_25,167,limestone
WELL_25,168,limestone
WELL_25,169,limestone
WELL_25,170,limestone
WELL_25,171,limestone
WELL_25,172,limestone
WELL_25,173,limestone
WELL_25,174,limestone
WELL_25,175,limestone
WELL_25,176,shale
WELL_25,177,limestone
WELL_25,178,limestone
WELL_25,179,limestone
WELL_25,180,limestone
WELL_25,181,limestone
WELL_25,182,limestone
WELL_25,183,limestone
WELL_25,184,limestone
WELL_25,185,limestone
WELL_25,186,limestone
WELL_25,187,limestone
WELL_25,188,limestone
WELL_25,189,limestone
WELL_25,190,limestone
WELL_25,191,limestone
WELL_25,192,limestone
WELL_25,193,limestone
WELL_25,194,limestone
WELL_25,195,limestone
WELL_25,196,limestone
WELL_25,197,limestone
WELL_25,198,limestone
WELL_25,199,limestone
WELL_25,200,limestone
WELL_25,201,limestone
WELL_25,202,limestone
WELL_25,203,limestone
WELL_25,204,limestone
WELL_25,205,limestone
WELL_25,206,limestone
WELL_25,207,limestone
WELL_25,208,limestone
WELL_25,209,limestone
WELL_25,210,limestone
WELL_25,211,limestone
WELL_25,212,limestone
WELL_25,213,limestone
WELL_25,214,limestone
WELL_25,215,limestone
WELL_25,216,limestone
WELL_25,217,limestone
WELL_25,218,limestone
WELL_25,219,limestone
WELL_25,220,limestone
WELL_25,221,limestone
WELL_25,222,limestone
WELL_25,223,limestone
WELL_25,224,limestone
WELL_25,225,limestone
WELL_25,226,limestone
WELL_25,227,limestone
WELL_25,228,limestone
WELL_25,229,shale
WELL_25,230,limestone
WELL_25,231,limestone
WELL_25,232,shale
WELL_25,233,limestone
WELL_25,234,limestone
WELL_25,235,limestone
WELL_25,236,shale
WELL_25,237,limestone
WELL_25,238,limestone
WELL_25,239,limestone
WELL_25,240,limestone
WELL_25,241,limestone
WELL_25,242,limestone
WELL_25,243,limestone
WELL_25,244,limestone
WELL_25,245,limestone
WELL_25,246,limestone
WELL_25,247,limestone
WELL_25,248,limestone
WELL_25,249,limestone
WELL_3,5,sandstone
WELL_3,6,sandstone
WELL_3,7,sandstone
WELL_3,8,sandstone
WELL_3,9,sandstone
WELL_3,10,sandstone
WELL_3,11,sandstone
WELL_3,12,sandstone
WELL_3,13,sandstone
WELL_3,14,sandstone
WELL_3,15,sandstone
WELL_3,16,sandstone
WELL_3,17,sandstone
WELL_3,18,sandstone
WELL_3,19,sandstone
WELL_3,20,sandstone
WELL_3,21,sandstone
WELL_3,22,sandstone
WELL_3,23,sandstone
WELL_3,24,sandstone
WELL_3,25,sandstone
WELL_3,26,sandstone
WELL_3,27,sandstone
WELL_3,28,sandstone
WELL_3,29,sandstone
WELL_3,30,sandstone
WELL_3,31,sandstone
WELL_3,32,sandstone
WELL_3,33,sandstone
WELL_3,34,sandstone
WELL_3,35,sandstone
WELL_3,36,sandstone
WELL_3,37,sandstone
WELL_3,38,sandstone
WELL_3,39,sandstone
WELL_3,40,sandstone
WELL_3,41,sandstone
WELL_3,42,sandstone
WELL_3,43,sandstone
WELL_3,44,sandstone
WELL_3,45,sandstone
WELL_3,46,sandstone
WELL_3,47,sandstone
WELL_3,48,sandstone
WELL_3,49,sandstone
WELL_3,50,sandstone
WELL_3,51,sandstone
WELL_3,52,sandstone
WELL_3,53,sandstone
WELL_3,54,shale
WELL_3,55,limestone
WELL_3,56,sandstone
WELL_3,57,sandstone
WELL_3,58,sandstone
WELL_3,59,sandstone
WELL_3,60,sandstone
WELL_3,61,sandstone
WELL_3,62,sandstone
WELL_3,63,sandstone
WELL_3,64,sandstone
WELL_3,65,sandstone
WELL_3,66,limestone
WELL_3,67,sandstone
WELL_3,68,shale
WELL_3,69,sandstone
WELL_3,70,sandstone
WELL_3,71,sandstone
WELL_3,72,sandstone
WELL_3,73,sandstone
WELL_3,74,sandstone
WELL_3,75,sandstone
WELL_3,76,sandstone
WELL_3,77,sandstone
WELL_3,78,sandstone
WELL_3,79,sandstone
WELL_3,80,shale
WELL_3,81,shale
WELL_3,82,shale
WELL_3,83,shale
WELL_3,84,shale
WELL_3,85,shale
WELL_3,86,shale
WELL_3,87,shale
WELL_3,88,shale
WELL_3,89,shale
WELL_3,90,shale
WELL_3,91,shale
WELL_3,92,shale
WELL_3,93,shale
WELL_3,94,shale
WELL_3,95,shale
WELL_3,96,shale
WELL_3,97,shale
WELL_3,98,shale
WELL_3,99,shale
WELL_3,100,sandstone
WELL_3,101,shale
WELL_3,102,shale
WELL_3,103,shale
WELL_3,104,shale
WELL_3,105,shale
WELL_3,106,shale
WELL_3,107,shale
WELL_3,108,shale
WELL_3,109,shale
WELL_3,110,shale
WELL_3,111,shale
WELL_3,112,shale
WELL_3,113,shale
WELL_3,114,shale
WELL_3,115,shale
WELL_3,116,shale
WELL_3,117,shale
WELL_3,118,shale
WELL_3,119,shale
WELL_3,120,shale
WELL_3,121,shale
WELL_3,122,shale
WELL_3,123,shale
WELL_3,124,shale
WELL_3,125,shale
WELL_3,126,shale
WELL_3,127,shale
WELL_3,128,sandstone
WELL_3,129,shale
WELL_3,130,shale
WELL_3,131,shale
WELL_3,132,shale
WELL_3,133,shale
WELL_3,134,shale
WELL_3,135,shale
WELL_3,136,shale
WELL_3,137,shale
WELL_3,138,limestone
WELL_3,139,shale
WELL_3,140,shale
WELL_3,141,shale
WELL_3,142,shale
WELL_3,143,shale
WELL_3,144,shale
WELL_3,145,shale
WELL_3,146,shale
WELL_3,147,shale
WELL_3,148,shale
WELL_3,149,shale
WELL_3,150,shale
WELL_3,151,shale
WELL_3,152,shale
WELL_3,153,shale
WELL_3,154,shale
WELL_3,155,shale
WELL_3,156,shale
WELL_3,157,shale
WELL_3,158,shale
WELL_3,159,shale
WELL_3,160,sandstone
WELL_3,161,sandstone
WELL_3,162,limestone
WELL_3,163,limestone
WELL_3,164,limestone
WELL_3,165,limestone
WELL_3,166,limestone
WELL_3,167,limestone
WELL_3,168,limestone
WELL_3,169,limestone
WELL_3,170,limestone
WELL_3,171,limestone
WELL_3,172,limestone
WELL_3,173,limestone
WELL_3,174,limestone
WELL_3,175,limestone
WELL_3,176,limestone
WELL_3,177,sandstone
WELL_3,178,limestone
WELL_3,179,shale
WELL_3,180,limestone
WELL_3,181,limestone
WELL_3,182,limestone
WELL_3,183,limestone
WELL_3,184,limestone
WELL_3,185,limestone
WELL_3,186,limestone
WELL_3,187,limestone
WELL_3,188,limestone
WELL_3,189,limestone
WELL_3,190,limestone
WELL_3,191,limestone
WELL_3,192,limestone
WELL_3,193,limestone
WELL_3,194,limestone
WELL_3,195,limestone
WELL_3,196,limestone
WELL_3,197,limestone
WELL_3,198,limestone
WELL_3,199,shale
WELL_3,200,limestone
WELL_3,201,limestone
WELL_3,202,limestone
WELL_3,203,limestone
WELL_3,204,limestone
WELL_3,205,limestone
WELL_3,206,limestone
WELL_3,207,limestone
WELL_3,208,sandstone
WELL_3,209,limestone
WELL_3,210,limestone
WELL_3,211,limestone
WELL_3,212,limestone
WELL_3,213,limestone
WELL_3,214,limestone
WELL_3,215,limestone
WELL_3,216,sandstone
WELL_3,217,limestone
WELL_3,218,limestone
WELL_3,219,limestone
WELL_3,220,limestone
WELL_3,221,limestone
WELL_3,222,limestone
WELL_3,223,limestone
WELL_3,224,limestone
WELL_3,225,limestone
WELL_3,226,shale
WELL_3,227,limestone
WELL_3,228,limestone
WELL_3,229,limestone
WELL_3,230,limestone
WELL_3,231,limestone
WELL_3,232,limestone
WELL_3,233,limestone
WELL_3,234,limestone
WELL_3,235,limestone
WELL_3,236,limestone
WELL_3,237,limestone
WELL_3,238,limestone
WELL_3,239,limestone
WELL_3,240,limestone
WELL_3,241,limestone
WELL_3,242,limestone
WELL_3,243,limestone
WELL_3,244,limestone
WELL_3,245,limestone
WELL_3,246,limestone
WELL_3,247,sandstone
WELL_3,248,limestone
WELL_3,249,limestone
WELL_4,5,sandstone
WELL_4,6,sandstone
WELL_4,7,sandstone
WELL_4,8,sandstone
WELL_4,9,sandstone
WELL_4,10,sandstone
WELL_4,11,sandstone
WELL_4,12,sandstone
WELL_4,13,sandstone
WELL_4,14,limestone
WELL_4,15,sandstone
WELL_4,16,sandstone
WELL_4,17,sandstone
WELL_4,18,sandstone
WELL_4,19,sandstone
WELL_4,20,shale
WELL_4,21,sandstone
WELL_4,22,sandstone
WELL_4,23,sandstone
WELL_4,24,sandstone
WELL_4,25,sandstone
WELL_4,26,sandstone
WELL_4,27,sandstone
WELL_4,28,sandstone
WELL_4,29,sandstone
WELL_4,30,sandstone
WELL_4,31,sandstone
WELL_4,32,sandstone
WELL_4,33,sandstone
WELL_4,34,sandstone
WELL_4,35,sandstone
WELL_4,36,sandstone
WELL_4,37,sandstone
WELL_4,38,sandstone
WELL_4,39,sandstone
WELL_4,40,limestone
WELL_4,41,sandstone
WELL_4,42,sandstone
WELL_4,43,sandstone
WELL_4,44,sandstone
WELL_4,45,sandstone
WELL_4,46,sandstone
WELL_4,47,sandstone
WELL_4,48,shale
WELL_4,49,sandstone
WELL_4,50,sandstone
WELL_4,51,sandstone
WELL_4,52,sandstone
WELL_4,53,sandstone
WELL_4,54,sandstone
WELL_4,55,sandstone
WELL_4,56,sandstone
WELL_4,57,sandstone
WELL_4,58,sandstone
WELL_4,59,sandstone
WELL_4,60,sandstone
WELL_4,61,sandstone
WELL_4,62,limestone
WELL_4,63,sandstone
WELL_4,64,sandstone
WELL_4,65,limestone
WELL_4,66,sandstone
WELL_4,67,sandstone
WELL_4,68,sandstone
WELL_4,69,sandstone
WELL_4,70,sandstone
WELL_4,71,sandstone
WELL_4,72,sandstone
WELL_4,73,sandstone
WELL_4,74,sandstone
WELL_4,75,sandstone
WELL_4,76,sandstone
WELL_4,77,sandstone
WELL_4,78,sandstone
WELL_4,79,sandstone
WELL_4,80,shale
WELL_4,81,shale
WELL_4,82,shale
WELL_4,83,shale
WELL_4,84,shale
WELL_4,85,shale
WELL_4,86,shale
WELL_4,87,shale
WELL_4,88,shale
WELL_4,89,shale
WELL_4,90,shale
WELL_4,91,shale
WELL_4,92,shale
WELL_4,93,shale
WELL_4,94,shale
WELL_4,95,shale
WELL_4,96,shale
WELL_4,97,shale
WELL_4,98,shale
WELL_4,99,shale
WELL_4,100,shale
WELL_4,101,shale
WELL_4,102,shale
WELL_4,103,shale
WELL_4,104,shale
WELL_4,105,shale
WELL_4,106,shale
WELL_4,107,shale
WELL_4,108,shale
WELL_4,109,shale
WELL_4,110,shale
WELL_4,111,shale
WELL_4,112,shale
WELL_4,113,shale
WELL_4,114,shale
WELL_4,115,sandstone
WELL_4,116,shale
WELL_4,117,shale
WELL_4,118,shale
WELL_4,119,sandstone
WELL_4,120,shale
WELL_4,121,shale
WELL_4,122,limestone
WELL_4,123,shale
WELL_4,124,shale
WELL_4,125,shale
WELL_4,126,shale
WELL_4,127,shale
WELL_4,128,shale
WELL_4,129,shale
WELL_4,130,shale
WELL_4,131,shale
WELL_4,132,shale
WELL_4,133,shale
WELL_4,134,shale
WELL_4,135,shale
WELL_4,136,shale
WELL_4,137,shale
WELL_4,138,shale
WELL_4,139,shale
WELL_4,140,shale
WELL_4,141,shale
WELL_4,142,shale
WELL_4,143,limestone
WELL_4,144,shale
WELL_4,145,shale
WELL_4,146,shale
WELL_4,147,shale
WELL_4,148,shale
WELL_4,149,shale
WELL_4,150,shale
WELL_4,151,shale
WELL_4,152,shale
WELL_4,153,shale
WELL_4,154,shale
WELL_4,155,shale
WELL_4,156,shale
WELL_4,157,shale
WELL_4,158,shale
WELL_4,159,shale
WELL_4,160,limestone
WELL_4,161,sandstone
WELL_4,162,limestone
WELL_4,163,limestone
WELL_4,164,limestone
WELL_4,165,limestone
WELL_4,166,limestone
WELL_4,167,limestone
WELL_4,168,shale
WELL_4,169,limestone
WELL_4,170,limestone
WELL_4,171,limestone
WELL_4,172,limestone
WELL_4,173,limestone
WELL_4,174,limestone
WELL_4,175,limestone
WELL_4,176,limestone
WELL_4,177,limestone
WELL_4,178,limestone
WELL_4,179,limestone
WELL_4,180,limestone
WELL_4,181,limestone
WELL_4,182,limestone
WELL_4,183,limestone
WELL_4,184,limestone
WELL_4,185,limestone
WELL_4,186,limestone
WELL_4,187,limestone
WELL_4,188,shale
WELL_4,189,limestone
WELL_4,190,limestone
WELL_4,191,limestone
WELL_4,192,limestone
WELL_4,193,limestone
WELL_4,194,limestone
WELL_4,195,limestone
WELL_4,196,limestone
WELL_4,197,limestone
WELL_4,198,limestone
WELL_4,199,limestone
WELL_4,200,limestone
WELL_4,201,limestone
WELL_4,202,limestone
WELL_4,203,limestone
WELL_4,204,limestone
WELL_4,205,shale
WELL_4,206,limestone
WELL_4,207,limestone
WELL_4,208,limestone
WELL_4,209,limestone
WELL_4,210,limestone
WELL_4,211,limestone
WELL_4,212,limestone
WELL_4,213,limestone
WELL_4,214,sandstone
WELL_4,215,limestone
WELL_4,216,limestone
WELL_4,217,limestone
WELL_4,218,limestone
WELL_4,219,limestone
WELL_4,220,limestone
WELL_4,221,limestone
WELL_4,222,limestone
WELL_4,223,sandstone
WELL_4,224,limestone
WELL_4,225,limestone
WELL_4,226,limestone
WELL_4,227,limestone
WELL_4,228,limestone
WELL_4,229,limestone
WELL_4,230,limestone
WELL_4,231,limestone
WELL_4,232,limestone
WELL_4,233,limestone
WELL_4,234,limestone
WELL_4,235,limestone
WELL_4,236,limestone
WELL_4,237,limestone
WELL_4,238,limestone
WELL_4,239,limestone
WELL_4,240,limestone
WELL_4,241,limestone
WELL_4,242,limestone
WELL_4,243,limestone
WELL_4,244,limestone
WELL_4,245,limestone
WELL_4,246,limestone
WELL_4,247,limestone
WELL_4,248,limestone
WELL_4,249,limestone
WELL_5,5,sandstone
WELL_5,6,sandstone
WELL_5,7,sandstone
WELL_5,8,sandstone
WELL_5,9,shale
WELL_5,10,sandstone
WELL_5,11,sandstone
WELL_5,12,sandstone
WELL_5,13,sandstone
WELL_5,14,sandstone
WELL_5,15,sandstone
WELL_5,16,sandstone
WELL_5,17,sandstone
WELL_5,18,sandstone
WELL_5,19,sandstone
WELL_5,20,sandstone
WELL_5,21,sandstone
WELL_5,22,sandstone
WELL_5,23,sandstone
WELL_5,24,sandstone
WELL_5,25,sandstone
WELL_5,26,sandstone
WELL_5,27,sandstone
WELL_5,28,sandstone
WELL_5,29,sandstone
WELL_5,30,sandstone
WELL_5,31,limestone
WELL_5,32,shale
WELL_5,33,sandstone
WELL_5,34,sandstone
WELL_5,35,sandstone
WELL_5,36,sandstone
WELL_5,37,sandstone
WELL_5,38,sandstone
WELL_5,39,sandstone
WELL_5,40,sandstone
WELL_5,41,sandstone
WELL_5,42,sandstone
WELL_5,43,sandstone
WELL_5,44,sandstone
WELL_5,45,sandstone
WELL_5,46,sandstone
WELL_5,47,sandstone
WELL_5,48,sandstone
WELL_5,49,sandstone
WELL_5,50,sandstone
WELL_5,51,sandstone
WELL_5,52,sandstone
WELL_5,53,sandstone
WELL_5,54,sandstone
WELL_5,55,sandstone
WELL_5,56,sandstone
WELL_5,57,sandstone
WELL_5,58,sandstone
WELL_5,59,sandstone
WELL_5,60,sandstone
WELL_5,61,sandstone
WELL_5,62,sandstone
WELL_5,63,sandstone
WELL_5,64,sandstone
WELL_5,65,sandstone
WELL_5,66,sandstone
WELL_5,67,sandstone
WELL_5,68,sandstone
WELL_5,69,sandstone
WELL_5,70,sandstone
WELL_5,71,sandstone
WELL_5,72,sandstone
WELL_5,73,limestone
WELL_5,74,sandstone
WELL_5,75,sandstone
WELL_5,76,sandstone
WELL_5,77,sandstone
WELL_5,78,sandstone
WELL_5,79,sandstone
WELL_5,80,shale
WELL_5,81,shale
WELL_5,82,shale
WELL_5,83,shale
WELL_5,84,shale
WELL_5,85,shale
WELL_5,86,shale
WELL_5,87,shale
WELL_5,88,shale
WELL_5,89,shale
WELL_5,90,shale
WELL_5,91,shale
WELL_5,92,shale
WELL_5,93,shale
WELL_5,94,shale
WELL_5,95,shale
WELL_5,96,shale
WELL_5,97,shale
WELL_5,98,shale
WELL_5,99,shale
WELL_5,100,shale
WELL_5,101,shale
WELL_5,102,shale
WELL_5,103,shale
WELL_5,104,shale
WELL_5,105,shale
WELL_5,106,shale
WELL_5,107,shale
WELL_5,108,shale
WELL_5,109,shale
WELL_5,110,shale
WELL_5,111,shale
WELL_5,112,shale
WELL_5,113,shale
WELL_5,114,shale
WELL_5,115,shale
WELL_5,116,shale
WELL_5,117,sandstone
WELL_5,118,shale
WELL_5,119,shale
WELL_5,120,shale
WELL_5,121,shale
WELL_5,122,shale
WELL_5,123,limestone
WELL_5,124,shale
WELL_5,125,shale
WELL_5,126,shale
WELL_5,127,sandstone
WELL_5,128,shale
WELL_5,129,shale
WELL_5,130,shale
WELL_5,131,shale
WELL_5,132,shale
WELL_5,133,shale
WELL_5,134,shale
WELL_5,135,shale
WELL_5,137,shale
WELL_5,138,shale
WELL_5,139,shale
WELL_5,140,shale
WELL_5,141,shale
WELL_5,142,sandstone
WELL_5,143,shale
WELL_5,144,shale
WELL_5,145,shale
WELL_5,146,limestone
WELL_5,147,shale
WELL_5,148,shale
WELL_5,149,shale
WELL_5,150,shale
WELL_5,151,shale
WELL_5,152,shale
WELL_5,153,shale
WELL_5,154,shale
WELL_5,155,shale
WELL_5,156,sandstone
WELL_5,157,shale
WELL_5,158,shale
WELL_5,159,shale
WELL_5,160,limestone
WELL_5,161,limestone
WELL_5,162,limestone
WELL_5,163,limestone
WELL_5,164,limestone
WELL_5,165,shale
WELL_5,166,limestone
WELL_5,167,limestone
WELL_5,168,shale
WELL_5,169,limestone
WELL_5,170,limestone
WELL_5,171,limestone
WELL_5,172,limestone
WELL_5,173,limestone
WELL_5,174,limestone
WELL_5,175,limestone
WELL_5,176,limestone
WELL_5,178,shale
WELL_5,179,limestone
WELL_5,180,limestone
WELL_5,181,limestone
WELL_5,182,limestone
WELL_5,183,limestone
WELL_5,184,limestone
WELL_5,185,limestone
WELL_5,187,limestone
WELL_5,188,limestone
WELL_5,189,limestone
WELL_5,190,limestone
WELL_5,191,limestone
WELL_5,192,limestone
WELL_5,194,limestone
WELL_5,196,limestone
WELL_5,197,shale
WELL_5,200,limestone
WELL_5,202,limestone
WELL_5,203,limestone
WELL_5,204,limestone
WELL_5,206,limestone
WELL_5,207,limestone
WELL_5,208,sandstone
WELL_5,209,limestone
WELL_5,210,limestone
WELL_5,211,limestone
WELL_5,213,limestone
WELL_5,214,limestone
WELL_5,215,sandstone
WELL_5,216,limestone
WELL_5,217,limestone
WELL_5,218,limestone
WELL_5,219,limestone
WELL_5,220,limestone
WELL_5,221,sandstone
WELL_5,223,limestone
WELL_5,226,limestone
WELL_5,227,limestone
WELL_5,228,limestone
WELL_5,230,limestone
WELL_5,231,limestone
WELL_5,232,shale
WELL_5,234,limestone
WELL_5,235,limestone
WELL_5,236,limestone
WELL_5,237,limestone
WELL_5,238,limestone
WELL_5,239,limestone
WELL_5,242,limestone
WELL_5,243,limestone
WELL_5,244,limestone
WELL_5,245,limestone
WELL_5,246,limestone
WELL_5,247,limestone
WELL_5,248,limestone
WELL_5,249,sandstone
WELL_6,5,sandstone
WELL_6,6,sandstone
WELL_6,7,sandstone
WELL_6,8,sandstone
WELL_6,9,sandstone
WELL_6,10,sandstone
WELL_6,11,sandstone
WELL_6,12,sandstone
WELL_6,13,sandstone
WELL_6,14,sandstone
WELL_6,15,sandstone
WELL_6,16,sandstone
WELL_6,17,sandstone
WELL_6,18,sandstone
WELL_6,19,sandstone
WELL_6,20,sandstone
WELL_6,21,sandstone
WELL_6,22,sandstone
WELL_6,23,sandstone
WELL_6,24,sandstone
WELL_6,25,sandstone
WELL_6,26,sandstone
WELL_6,27,sandstone
WELL_6,28,sandstone
WELL_6,29,sandstone
WELL_6,30,sandstone
WELL_6,31,sandstone
WELL_6,32,sandstone
WELL_6,33,sandstone
WELL_6,34,sandstone
WELL_6,35,sandstone
WELL_6,36,sandstone
WELL_6,37,sandstone
WELL_6,38,sandstone
WELL_6,39,sandstone
WELL_6,40,sandstone
WELL_6,41,sandstone
WELL_6,42,sandstone
WELL_6,43,sandstone
WELL_6,44,sandstone
WELL_6,45,sandstone
WELL_6,46,sandstone
WELL_6,47,sandstone
WELL_6,48,shale
WELL_6,49,sandstone
WELL_6,50,limestone
WELL_6,51,sandstone
WELL_6,52,sandstone
WELL_6,53,sandstone
WELL_6,54,sandstone
WELL_6,55,sandstone
WELL_6,56,sandstone
WELL_6,57,sandstone
WELL_6,58,sandstone
WELL_6,59,sandstone
WELL_6,60,sandstone
WELL_6,61,sandstone
WELL_6,62,sandstone
WELL_6,63,sandstone
WELL_6,64,sandstone
WELL_6,65,sandstone
WELL_6,66,shale
WELL_6,67,sandstone
WELL_6,68,sandstone
WELL_6,69,sandstone
WELL_6,70,sandstone
WELL_6,71,sandstone
WELL_6,72,sandstone
WELL_6,73,shale
WELL_6,74,sandstone
WELL_6,75,sandstone
WELL_6,76,sandstone
WELL_6,77,sandstone
WELL_6,78,sandstone
WELL_6,79,sandstone
WELL_6,80,shale
WELL_6,81,shale
WELL_6,82,shale
WELL_6,83,shale
WELL_6,84,shale
WELL_6,85,shale
WELL_6,86,shale
WELL_6,87,shale
WELL_6,88,shale
WELL_6,89,shale
WELL_6,90,shale
WELL_6,91,shale
WELL_6,92,limestone
WELL_6,93,shale
WELL_6,94,shale
WELL_6,95,shale
WELL_6,96,shale
WELL_6,97,shale
WELL_6,98,shale
WELL_6,99,shale
WELL_6,100,shale
WELL_6,101,limestone
WELL_6,102,shale
WELL_6,103,shale
WELL_6,104,shale
WELL_6,105,shale
WELL_6,106,shale
WELL_6,107,shale
WELL_6,108,shale
WELL_6,109,shale
WELL_6,110,limestone
WELL_6,111,shale
WELL_6,112,shale
WELL_6,113,shale
WELL_6,114,shale
WELL_6,115,shale
WELL_6,116,shale
WELL_6,117,shale
WELL_6,118,shale
WELL_6,119,shale
WELL_6,120,shale
WELL_6,121,shale
WELL_6,122,shale
WELL_6,123,shale
WELL_6,124,shale
WELL_6,125,shale
WELL_6,126,shale
WELL_6,127,shale
WELL_6,128,shale
WELL_6,129,shale
WELL_6,130,limestone
WELL_6,131,shale
WELL_6,132,shale
WELL_6,133,shale
WELL_6,134,shale
WELL_6,135,shale
WELL_6,136,shale
WELL_6,137,shale
WELL_6,138,shale
WELL_6,139,shale
WELL_6,140,shale
WELL_6,141,shale
WELL_6,142,shale
WELL_6,143,shale
WELL_6,144,shale
WELL_6,145,shale
WELL_6,146,shale
WELL_6,147,shale
WELL_6,148,shale
WELL_6,149,shale
WELL_6,150,shale
WELL_6,151,shale
WELL_6,152,shale
WELL_6,153,shale
WELL_6,154,shale
WELL_6,155,shale
WELL_6,156,shale
WELL_6,157,shale
WELL_6,158,shale
WELL_6,159,shale
WELL_6,160,limestone
WELL_6,161,shale
WELL_6,162,limestone
WELL_6,163,sandstone
WELL_6,164,limestone
WELL_6,165,limestone
WELL_6,166,limestone
WELL_6,167,limestone
WELL_6,168,limestone
WELL_6,169,limestone
WELL_6,170,limestone
WELL_6,171,limestone
WELL_6,172,limestone
WELL_6,173,limestone
WELL_6,174,limestone
WELL_6,175,limestone
WELL_6,176,limestone
WELL_6,177,limestone
WELL_6,178,limestone
WELL_6,179,limestone
WELL_6,180,limestone
WELL_6,181,limestone
WELL_6,182,limestone
WELL_6,183,limestone
WELL_6,184,limestone
WELL_6,185,limestone
WELL_6,186,limestone
WELL_6,187,limestone
WELL_6,188,limestone
WELL_6,189,limestone
WELL_6,190,limestone
WELL_6,191,limestone
WELL_6,192,limestone
WELL_6,193,limestone
WELL_6,194,limestone
WELL_6,195,limestone
WELL_6,196,limestone
WELL_6,197,limestone
WELL_6,198,limestone
WELL_6,199,limestone
WELL_6,200,limestone
WELL_6,201,limestone
WELL_6,202,limestone
WELL_6,203,limestone
WELL_6,204,limestone
WELL_6,205,limestone
WELL_6,206,limestone
WELL_6,207,shale
WELL_6,208,limestone
WELL_6,209,limestone
WELL_6,210,limestone
WELL_6,211,limestone
WELL_6,212,limestone
WELL_6,213,limestone
WELL_6,214,limestone
WELL_6,215,limestone
WELL_6,216,limestone
WELL_6,217,limestone
WELL_6,218,limestone
WELL_6,219,limestone
WELL_6,220,limestone
WELL_6,221,limestone
WELL_6,222,limestone
WELL_6,223,limestone
WELL_6,224,limestone
WELL_6,225,limestone
WELL_6,226,limestone
WELL_6,227,limestone
WELL_6,228,limestone
WELL_6,229,limestone
WELL_6,230,limestone
WELL_6,231,limestone
WELL_6,232,limestone
WELL_6,233,limestone
WELL_6,234,limestone
WELL_6,235,limestone
WELL_6,236,limestone
WELL_6,237,shale
WELL_6,238,shale
WELL_6,239,limestone
WELL_6,240,limestone
WELL_6,241,limestone
WELL_6,242,limestone
WELL_6,243,limestone
WELL_6,244,limestone
WELL_6,245,limestone
WELL_6,246,shale
WELL_6,247,limestone
WELL_6,248,limestone
WELL_6,249,limestone
WELL_7,5,sandstone
WELL_7,6,sandstone
WELL_7,7,sandstone
WELL_7,8,sandstone
WELL_7,9,sandstone
WELL_7,10,limestone
WELL_7,11,sandstone
WELL_7,12,sandstone
WELL_7,13,sandstone
WELL_7,14,sandstone
WELL_7,15,sandstone
WELL_7,16,sandstone
WELL_7,17,sandstone
WELL_7,18,sandstone
WELL_7,19,sandstone
WELL_7,20,sandstone
WELL_7,21,sandstone
WELL_7,22,sandstone
WELL_7,23,sandstone
WELL_7,24,sandstone
WELL_7,25,sandstone
WELL_7,26,sandstone
WELL_7,27,sandstone
WELL_7,28,sandstone
WELL_7,29,sandstone
WELL_7,30,sandstone
WELL_7,31,sandstone
WELL_7,32,sandstone
WELL_7,33,sandstone
WELL_7,34,sandstone
WELL_7,35,sandstone
WELL_7,36,sandstone
WELL_7,37,sandstone
WELL_7,38,sandstone
WELL_7,39,sandstone
WELL_7,40,sandstone
WELL_7,41,sandstone
WELL_7,42,sandstone
WELL_7,43,sandstone
WELL_7,44,sandstone
WELL_7,45,sandstone
WELL_7,46,sandstone
WELL_7,47,sandstone
WELL_7,48,sandstone
WELL_7,49,sandstone
WELL_7,50,sandstone
WELL_7,51,sandstone
WELL_7,52,sandstone
WELL_7,53,sandstone
WELL_7,54,sandstone
WELL_7,55,limestone
WELL_7,56,sandstone
WELL_7,57,sandstone
WELL_7,58,sandstone
WELL_7,59,sandstone
WELL_7,60,sandstone
WELL_7,61,limestone
WELL_7,62,sandstone
WELL_7,63,sandstone
WELL_7,64,sandstone
WELL_7,65,sandstone
WELL_7,66,shale
WELL_7,67,sandstone
WELL_7,68,sandstone
WELL_7,69,sandstone
WELL_7,70,sandstone
WELL_7,71,sandstone
WELL_7,72,sandstone
WELL_7,73,sandstone
WELL_7,74,sandstone
WELL_7,75,limestone
WELL_7,76,sandstone
WELL_7,77,sandstone
WELL_7,78,sandstone
WELL_7,79,sandstone
WELL_7,80,shale
WELL_7,81,shale
WELL_7,82,shale
WELL_7,83,shale
WELL_7,84,shale
WELL_7,85,shale
WELL_7,86,limestone
WELL_7,87,shale
WELL_7,88,shale
WELL_7,89,shale
WELL_7,90,shale
WELL_7,91,shale
WELL_7,92,shale
WELL_7,93,shale
WELL_7,94,shale
WELL_7,95,shale
WELL_7,96,shale
WELL_7,97,shale
WELL_7,98,shale
WELL_7,99,shale
WELL_7,100,shale
WELL_7,101,shale
WELL_7,102,shale
WELL_7,103,shale
WELL_7,104,shale
WELL_7,105,shale
WELL_7,106,shale
WELL_7,107,shale
WELL_7,108,sandstone
WELL_7,109,shale
WELL_7,110,shale
WELL_7,111,shale
WELL_7,112,shale
WELL_7,113,shale
WELL_7,114,shale
WELL_7,115,shale
WELL_7,116,shale
WELL_7,117,shale
WELL_7,118,shale
WELL_7,119,shale
WELL_7,120,sandstone
WELL_7,121,sandstone
WELL_7,122,shale
WELL_7,123,shale
WELL_7,124,shale
WELL_7,125,shale
WELL_7,126,shale
WELL_7,127,shale
WELL_7,128,shale
WELL_7,129,shale
WELL_7,130,shale
WELL_7,131,shale
WELL_7,132,shale
WELL_7,133,shale
WELL_7,134,shale
WELL_7,135,shale
WELL_7,136,limestone
WELL_7,137,shale
WELL_7,138,shale
WELL_7,139,shale
WELL_7,140,shale
WELL_7,141,shale
WELL_7,142,shale
WELL_7,143,shale
WELL_7,144,shale
WELL_7,145,shale
WELL_7,146,shale
WELL_7,147,shale
WELL_7,148,shale
WELL_7,149,shale
WELL_7,150,shale
WELL_7,151,shale
WELL_7,152,sandstone
WELL_7,153,shale
WELL_7,154,shale
WELL_7,155,limestone
WELL_7,156,shale
WELL_7,157,shale
WELL_7,158,shale
WELL_7,159,shale
WELL_7,160,limestone
WELL_7,161,limestone
WELL_7,162,limestone
WELL_7,163,limestone
WELL_7,165,limestone
WELL_7,166,limestone
WELL_7,167,limestone
WELL_7,168,limestone
WELL_7,169,shale
WELL_7,170,limestone
WELL_7,171,limestone
WELL_7,172,limestone
WELL_7,173,limestone
WELL_7,174,limestone
WELL_7,175,limestone
WELL_7,176,limestone
WELL_7,177,shale
WELL_7,178,limestone
WELL_7,179,limestone
WELL_7,180,limestone
WELL_7,182,limestone
WELL_7,183,limestone
WELL_7,184,limestone
WELL_7,185,limestone
WELL_7,186,limestone
WELL_7,187,limestone
WELL_7,188,limestone
WELL_7,189,limestone
WELL_7,190,limestone
WELL_7,191,limestone
WELL_7,192,limestone
WELL_7,193,sandstone
WELL_7,194,limestone
WELL_7,195,limestone
WELL_7,196,limestone
WELL_7,197,limestone
WELL_7,198,limestone
WELL_7,199,limestone
WELL_7,200,limestone
WELL_7,201,limestone
WELL_7,202,limestone
WELL_7,203,limestone
WELL_7,204,limestone
WELL_7,205,limestone
WELL_7,206,limestone
WELL_7,207,limestone
WELL_7,208,limestone
WELL_7,209,limestone
WELL_7,210,sandstone
WELL_7,211,limestone
WELL_7,212,limestone
WELL_7,213,limestone
WELL_7,214,limestone
WELL_7,215,limestone
WELL_7,216,limestone
WELL_7,217,limestone
WELL_7,218,limestone
WELL_7,219,limestone
WELL_7,220,limestone
WELL_7,221,limestone
WELL_7,222,limestone
WELL_7,223,limestone
WELL_7,224,limestone
WELL_7,225,limestone
WELL_7,226,limestone
WELL_7,227,limestone
WELL_7,228,limestone
WELL_7,229,shale
WELL_7,230,limestone
WELL_7,231,limestone
WELL_7,232,limestone
WELL_7,233,limestone
WELL_7,234,limestone
WELL_7,235,limestone
WELL_7,236,limestone
WELL_7,237,limestone
WELL_7,238,limestone
WELL_7,239,limestone
WELL_7,240,limestone
WELL_7,241,limestone
WELL_7,242,limestone
WELL_7,243,limestone
WELL_7,244,limestone
WELL_7,245,limestone
WELL_7,246,limestone
WELL_7,247,sandstone
WELL_7,248,limestone
WELL_7,249,limestone
WELL_8,5,sandstone
WELL_8,6,sandstone
WELL_8,7,sandstone
WELL_8,8,sandstone
WELL_8,9,sandstone
WELL_8,10,sandstone
WELL_8,11,sandstone
WELL_8,12,sandstone
WELL_8,13,sandstone
WELL_8,14,sandstone
WELL_8,15,sandstone
WELL_8,16,sandstone
WELL_8,17,sandstone
WELL_8,18,sandstone
WELL_8,19,sandstone
WELL_8,20,sandstone
WELL_8,21,sandstone
WELL_8,22,sandstone
WELL_8,23,sandstone
WELL_8,24,sandstone
WELL_8,25,sandstone
WELL_8,26,shale
WELL_8,27,sandstone
WELL_8,28,sandstone
WELL_8,29,sandstone
WELL_8,30,sandstone
WELL_8,31,sandstone
WELL_8,32,sandstone
WELL_8,33,sandstone
WELL_8,34,sandstone
WELL_8,35,sandstone
WELL_8,36,sandstone
WELL_8,37,sandstone
WELL_8,38,sandstone
WELL_8,39,sandstone
WELL_8,40,sandstone
WELL_8,41,sandstone
WELL_8,42,sandstone
WELL_8,43,sandstone
WELL_8,44,sandstone
WELL_8,45,sandstone
WELL_8,46,sandstone
WELL_8,47,sandstone
WELL_8,48,sandstone
WELL_8,49,sandstone
WELL_8,50,limestone
WELL_8,51,sandstone
WELL_8,52,sandstone
WELL_8,53,sandstone
WELL_8,54,sandstone
WELL_8,55,sandstone
WELL_8,56,sandstone
WELL_8,57,shale
WELL_8,58,sandstone
WELL_8,59,sandstone
WELL_8,60,sandstone
WELL_8,61,sandstone
WELL_8,62,sandstone
WELL_8,63,sandstone
WELL_8,64,sandstone
WELL_8,65,sandstone
WELL_8,66,shale
WELL_8,67,sandstone
WELL_8,68,sandstone
WELL_8,69,limestone
WELL_8,70,sandstone
WELL_8,71,sandstone
WELL_8,72,sandstone
WELL_8,73,sandstone
WELL_8,74,sandstone
WELL_8,75,sandstone
WELL_8,76,sandstone
WELL_8,77,sandstone
WELL_8,78,sandstone
WELL_8,79,sandstone
WELL_8,80,shale
WELL_8,81,shale
WELL_8,82,shale
WELL_8,83,shale
WELL_8,84,sandstone
WELL_8,85,shale
WELL_8,86,shale
WELL_8,87,shale
WELL_8,88,shale
WELL_8,89,shale
WELL_8,90,sandstone
WELL_8,91,shale
WELL_8,92,shale
WELL_8,93,shale
WELL_8,94,shale
WELL_8,95,shale
WELL_8,96,shale
WELL_8,97,shale
WELL_8,98,shale
WELL_8,99,shale
WELL_8,100,shale
WELL_8,101,limestone
WELL_8,102,shale
WELL_8,103,shale
WELL_8,104,shale
WELL_8,105,shale
WELL_8,106,shale
WELL_8,107,shale
WELL_8,108,shale
WELL_8,109,limestone
WELL_8,110,shale
WELL_8,111,shale
WELL_8,112,shale
WELL_8,113,shale
WELL_8,114,shale
WELL_8,115,shale
WELL_8,116,shale
WELL_8,117,shale
WELL_8,118,shale
WELL_8,119,shale
WELL_8,120,shale
WELL_8,121,shale
WELL_8,122,shale
WELL_8,123,shale
WELL_8,124,shale
WELL_8,125,shale
WELL_8,126,shale
WELL_8,127,shale
WELL_8,128,shale
WELL_8,129,shale
WELL_8,130,shale
WELL_8,131,limestone
WELL_8,132,shale
WELL_8,133,shale
WELL_8,134,shale
WELL_8,135,shale
WELL_8,136,shale
WELL_8,137,shale
WELL_8,138,shale
WELL_8,139,shale
WELL_8,140,shale
WELL_8,141,shale
WELL_8,142,limestone
WELL_8,143,shale
WELL_8,144,shale
WELL_8,145,shale
WELL_8,146,shale
WELL_8,147,shale
WELL_8,148,shale
WELL_8,149,shale
WELL_8,150,shale
WELL_8,151,shale
WELL_8,152,shale
WELL_8,153,shale
WELL_8,154,shale
WELL_8,155,shale
WELL_8,156,shale
WELL_8,157,shale
WELL_8,158,shale
WELL_8,159,shale
WELL_8,160,limestone
WELL_8,161,limestone
WELL_8,162,limestone
WELL_8,163,limestone
WELL_8,164,limestone
WELL_8,165,limestone
WELL_8,166,limestone
WELL_8,167,limestone
WELL_8,168,limestone
WELL_8,169,shale
WELL_8,170,limestone
WELL_8,171,limestone
WELL_8,172,limestone
WELL_8,173,limestone
WELL_8,174,limestone
WELL_8,175,limestone
WELL_8,176,limestone
WELL_8,177,limestone
WELL_8,178,limestone
WELL_8,179,limestone
WELL_8,180,limestone
WELL_8,181,limestone
WELL_8,182,limestone
WELL_8,183,limestone
WELL_8,184,limestone
WELL_8,185,limestone
WELL_8,186,limestone
WELL_8,187,limestone
WELL_8,188,limestone
WELL_8,189,sandstone
WELL_8,190,limestone
WELL_8,191,limestone
WELL_8,192,limestone
WELL_8,193,limestone
WELL_8,194,limestone
WELL_8,195,limestone
WELL_8,196,limestone
WELL_8,197,limestone
WELL_8,198,sandstone
WELL_8,199,limestone
WELL_8,200,limestone
WELL_8,201,limestone
WELL_8,202,limestone
WELL_8,203,limestone
WELL_8,204,limestone
WELL_8,205,limestone
WELL_8,206,limestone
WELL_8,207,limestone
WELL_8,208,limestone
WELL_8,209,limestone
WELL_8,210,limestone
WELL_8,211,limestone
WELL_8,212,limestone
WELL_8,213,limestone
WELL_8,214,limestone
WELL_8,215,limestone
WELL_8,216,limestone
WELL_8,217,limestone
WELL_8,218,limestone
WELL_8,219,limestone
WELL_8,220,limestone
WELL_8,221,limestone
WELL_8,222,limestone
WELL_8,223,limestone
WELL_8,224,limestone
WELL_8,225,limestone
WELL_8,226,limestone
WELL_8,227,limestone
WELL_8,228,limestone
WELL_8,229,limestone
WELL_8,230,limestone
WELL_8,231,limestone
WELL_8,232,limestone
WELL_8,233,limestone
WELL_8,234,limestone
WELL_8,235,limestone
WELL_8,236,limestone
WELL_8,237,limestone
WELL_8,238,limestone
WELL_8,239,limestone
WELL_8,240,limestone
WELL_8,241,limestone
WELL_8,242,limestone
WELL_8,243,sandstone
WELL_8,244,limestone
WELL_8,245,limestone
WELL_8,246,limestone
WELL_8,247,sandstone
WELL_8,248,limestone
WELL_8,249,limestone
WELL_9,5,sandstone
WELL_9,6,sandstone
WELL_9,7,sandstone
WELL_9,8,sandstone
WELL_9,9,sandstone
WELL_9,10,sandstone
WELL_9,11,sandstone
WELL_9,12,sandstone
WELL_9,13,sandstone
WELL_9,14,sandstone
WELL_9,15,sandstone
WELL_9,16,sandstone
WELL_9,17,sandstone
WELL_9,18,sandstone
WELL_9,19,sandstone
WELL_9,20,sandstone
WELL_9,21,sandstone
WELL_9,22,sandstone
WELL_9,23,sandstone
WELL_9,24,sandstone
WELL_9,25,sandstone
WELL_9,26,sandstone
WELL_9,27,sandstone
WELL_9,28,sandstone
WELL_9,29,sandstone
WELL_9,30,sandstone
WELL_9,31,sandstone
WELL_9,32,sandstone
WELL_9,33,sandstone
WELL_9,34,sandstone
WELL_9,35,sandstone
WELL_9,36,sandstone
WELL_9,37,sandstone
WELL_9,38,sandstone
WELL_9,39,sandstone
WELL_9,40,sandstone
WELL_9,41,sandstone
WELL_9,42,sandstone
WELL_9,43,sandstone
WELL_9,44,sandstone
WELL_9,45,limestone
WELL_9,46,sandstone
WELL_9,47,sandstone
WELL_9,48,sandstone
WELL_9,49,sandstone
WELL_9,50,sandstone
WELL_9,51,sandstone
WELL_9,52,sandstone
WELL_9,53,sandstone
WELL_9,54,sandstone
WELL_9,55,sandstone
WELL_9,56,sandstone
WELL_9,57,shale
WELL_9,58,sandstone
WELL_9,59,sandstone
WELL_9,60,sandstone
WELL_9,61,sandstone
WELL_9,62,sandstone
WELL_9,63,sandstone
WELL_9,64,sandstone
WELL_9,65,sandstone
WELL_9,66,sandstone
WELL_9,67,sandstone
WELL_9,68,sandstone
WELL_9,69,sandstone
WELL_9,70,sandstone
WELL_9,71,shale
WELL_9,72,sandstone
WELL_9,73,sandstone
WELL_9,74,sandstone
WELL_9,75,sandstone
WELL_9,76,sandstone
WELL_9,77,sandstone
WELL_9,78,sandstone
WELL_9,79,sandstone
WELL_9,80,shale
WELL_9,81,shale
WELL_9,82,shale
WELL_9,83,sandstone
WELL_9,84,shale
WELL_9,85,shale
WELL_9,86,shale
WELL_9,87,shale
WELL_9,88,shale
WELL_9,89,sandstone
WELL_9,90,shale
WELL_9,91,shale
WELL_9,92,shale
WELL_9,93,shale
WELL_9,94,shale
WELL_9,95,shale
WELL_9,96,shale
WELL_9,97,shale
WELL_9,98,shale
WELL_9,99,shale
WELL_9,100,sandstone
WELL_9,101,shale
WELL_9,102,shale
WELL_9,103,shale
WELL_9,104,shale
WELL_9,105,shale
WELL_9,106,shale
WELL_9,107,sandstone
WELL_9,108,shale
WELL_9,109,shale
WELL_9,110,shale
WELL_9,111,shale
WELL_9,112,shale
WELL_9,113,shale
WELL_9,114,shale
WELL_9,115,shale
WELL_9,116,sandstone
WELL_9,117,shale
WELL_9,118,shale
WELL_9,119,shale
WELL_9,120,shale
WELL_9,121,shale
WELL_9,122,shale
WELL_9,123,shale
WELL_9,124,shale
WELL_9,125,shale
WELL_9,126,shale
WELL_9,127,shale
WELL_9,128,shale
WELL_9,129,shale
WELL_9,130,shale
WELL_9,131,shale
WELL_9,132,shale
WELL_9,133,shale
WELL_9,134,shale
WELL_9,135,shale
WELL_9,136,sandstone
WELL_9,137,shale
WELL_9,138,shale
WELL_9,139,shale
WELL_9,140,shale
WELL_9,141,shale
WELL_9,142,shale
WELL_9,143,shale
WELL_9,144,shale
WELL_9,145,shale
WELL_9,146,shale
WELL_9,147,shale
WELL_9,148,shale
WELL_9,149,shale
WELL_9,150,shale
WELL_9,151,shale
WELL_9,152,shale
WELL_9,153,shale
WELL_9,154,shale
WELL_9,155,shale
WELL_9,156,shale
WELL_9,157,shale
WELL_9,158,shale
WELL_9,159,shale
WELL_9,160,limestone
WELL_9,161,limestone
WELL_9,162,limestone
WELL_9,163,limestone
WELL_9,164,limestone
WELL_9,165,limestone
WELL_9,166,limestone
WELL_9,167,limestone
WELL_9,168,limestone
WELL_9,169,limestone
WELL_9,170,limestone
WELL_9,171,limestone
WELL_9,172,limestone
WELL_9,173,limestone
WELL_9,174,limestone
WELL_9,175,limestone
WELL_9,176,limestone
WELL_9,177,limestone
WELL_9,178,limestone
WELL_9,179,limestone
WELL_9,180,limestone
WELL_9,181,limestone
WELL_9,182,limestone
WELL_9,183,limestone
WELL_9,184,limestone
WELL_9,185,limestone
WELL_9,186,limestone
WELL_9,187,limestone
WELL_9,188,limestone
WELL_9,189,shale
WELL_9,190,limestone
WELL_9,191,limestone
WELL_9,192,limestone
WELL_9,193,limestone
WELL_9,194,limestone
WELL_9,195,limestone
WELL_9,196,limestone
WELL_9,197,limestone
WELL_9,198,limestone
WELL_9,199,limestone
WELL_9,200,shale
WELL_9,201,limestone
WELL_9,202,limestone
WELL_9,203,shale
WELL_9,204,limestone
WELL_9,205,limestone
WELL_9,206,limestone
WELL_9,207,limestone
WELL_9,208,limestone
WELL_9,209,limestone
WELL_9,210,limestone
WELL_9,211,limestone
WELL_9,212,limestone
WELL_9,213,limestone
WELL_9,214,limestone
WELL_9,215,limestone
WELL_9,216,sandstone
WELL_9,217,limestone
WELL_9,218,limestone
WELL_9,219,limestone
WELL_9,220,limestone
WELL_9,221,limestone
WELL_9,222,limestone
WELL_9,223,limestone
WELL_9,224,limestone
WELL_9,225,limestone
WELL_9,226,limestone
WELL_9,227,limestone
WELL_9,228,limestone
WELL_9,229,limestone
WELL_9,230,limestone
WELL_9,231,limestone
WELL_9,232,sandstone
WELL_9,233,limestone
WELL_9,234,limestone
WELL_9,235,limestone
WELL_9,236,limestone
WELL_9,237,limestone
WELL_9,238,limestone
WELL_9,239,limestone
WELL_9,240,limestone
WELL_9,241,limestone
WELL_9,242,limestone
WELL_9,243,sandstone
WELL_9,244,limestone
WELL_9,245,limestone
WELL_9,246,limestone
WELL_9,247,limestone
WELL_9,248,limestone
WELL_9,249,limestone
